Employee ID,Age,Gender,Education Level,Years of Experience,Department,Salary,Performance Rating,Absenteeism,Workload,Satisfaction Level,Years with Company,Promotion Status,Employment Status
1,347,Male,Master's,27,sales,70327,,2.0 days,Medium,3,27.0 years,Yes,Full-time
2,77,Male,PhD,7,sales,70327,2,2.0 days,Medium,5,7.0 years,No,Contract
3,32,Male,Bachelor's,34,sales,70327,1,3.0 days,111,2,34.0 years,Cat,Part-time
4,160,Male,Sales,14,sales,70327,3,1.0 days,High,8,14.0 years,No,Full-time
5,145,Male,Master's,9,sales,70327,4,-2.0 days,Low,3,9.0 years,Yes,Contract
6,134,Male,Bachelor's,17,sales,70327,,2.0 days,High,5,17.0 years,Cat,Contract
7,91,Female,Bachelor's,9,sales,70327,5,nan days,111,9,9.0 years,No,Part-time
8,72,Female,Bachelor's,4,sales,70327,5,3.0 days,111,3,4.0 years,Yes,Contract
9,366,Male,Master's,3,sales,70327,1,0.0 days,High,6,3.0 years,Yes,Part-time
10,299,Female,Other,10,sales,70327,1,1.0 days,Medium,2,10.0 years,Maybe,Full-time
11,64,Female,Bachelor's,19,sales,70327,2,0.0 days,Medium,4,19.0 years,Maybe,Full-time
12,322,Male,Master's,38,sales,70327,5,1.0 days,Low,6,38.0 years,Maybe,Full-time
13,236,Male,PhD,36,sales,70327,,nan days,111,4,36.0 years,Maybe,Full-time
14,36,Male,Sales,18,sales,70327,,-2.0 days,111,5,18.0 years,Cat,Full-time
15,35,Female,Sales,28,sales,70327,5,3.0 days,Low,7,28.0 years,Yes,Contract
16,67,Female,Bachelor's,7,sales,70327,2,4.0 days,Low,6,7.0 years,Maybe,Part-time
17,131,Male,Master's,29,sales,70327,4,4.0 days,111,6,29.0 years,Maybe,Part-time
18,139,Female,Bachelor's,19,sales,70327,2,-2.0 days,Medium,5,19.0 years,Maybe,Part-time
19,278,Female,PhD,25,sales,70327,3,0.0 days,Low,10,25.0 years,Maybe,Full-time
20,328,Other,Other,17,sales,70327,3,4.0 days,Medium,5,17.0 years,Yes,Part-time
21,33,Male,PhD,32,sales,70327,1,3.0 days,High,8,32.0 years,Cat,Full-time
22,307,Female,PhD,34,sales,70327,2,-2.0 days,Medium,2,34.0 years,Yes,Part-time
23,121,Male,PhD,31,sales,70327,2,-2.0 days,High,8,31.0 years,Yes,Part-time
24,352,Female,Bachelor's,28,sales,70327,,nan days,111,1,28.0 years,Maybe,Contract
25,379,Male,Bachelor's,5,sales,70327,1,nan days,Medium,10,5.0 years,Maybe,Full-time
26,299,Female,Master's,38,sales,70327,,-2.0 days,High,10,38.0 years,Maybe,Part-time
27,234,Female,Bachelor's,2,sales,70327,4,0.0 days,111,10,2.0 years,Cat,Part-time
28,132,Male,Other,27,sales,70327,2,-2.0 days,Medium,2,27.0 years,Yes,Contract
29,249,Male,Master's,20,sales,70327,,2.0 days,High,8,20.0 years,Yes,Part-time
30,321,Male,Bachelor's,38,sales,70327,5,1.0 days,111,4,38.0 years,Maybe,Full-time
31,162,Female,PhD,16,sales,70327,,2.0 days,Low,9,16.0 years,Cat,Full-time
32,23,Female,High School,1,sales,70327,2,0.0 days,High,2,1.0 years,No,Full-time
33,101,Female,Master's,5,sales,70327,4,0.0 days,High,7,5.0 years,No,Contract
34,377,Male,Master's,14,sales,70327,2,nan days,Medium,9,14.0 years,Yes,Full-time
35,236,Female,Bachelor's,36,sales,70327,5,-2.0 days,111,5,36.0 years,Maybe,Full-time
36,194,Male,PhD,37,sales,70327,3,3.0 days,High,7,37.0 years,Maybe,Contract
37,162,Male,Bachelor's,1,sales,70327,3,nan days,Medium,1,1.0 years,Cat,Contract
38,99,Other,PhD,17,sales,70327,4,4.0 days,High,3,17.0 years,Maybe,Contract
39,130,Female,High School,36,sales,70327,4,4.0 days,Medium,3,36.0 years,No,Full-time
40,192,Other,Bachelor's,2,sales,70327,5,4.0 days,Medium,4,2.0 years,Cat,Contract
41,72,Female,Master's,11,sales,70327,,2.0 days,Medium,6,11.0 years,Yes,Full-time
42,67,Female,PhD,30,sales,70327,3,0.0 days,Medium,7,30.0 years,Maybe,Part-time
43,214,Female,Bachelor's,33,sales,70327,3,1.0 days,High,10,33.0 years,Yes,Contract
44,69,Other,PhD,28,sales,70327,3,0.0 days,Low,8,28.0 years,Yes,Full-time
45,203,Male,Bachelor's,17,sales,70327,3,2.0 days,Medium,3,17.0 years,No,Contract
46,196,Female,Master's,11,sales,70327,5,4.0 days,Medium,6,11.0 years,Cat,Part-time
47,329,Female,Other,37,sales,70327,4,1.0 days,111,3,37.0 years,Cat,Part-time
48,155,Male,Master's,27,sales,70327,4,1.0 days,Medium,2,27.0 years,Maybe,Part-time
49,42,Male,PhD,40,sales,70327,1,nan days,Low,8,40.0 years,No,Full-time
50,255,Male,PhD,31,sales,70327,,-2.0 days,111,6,31.0 years,No,Full-time
51,294,Other,Master's,5,sales,70327,4,3.0 days,Low,3,5.0 years,Cat,Part-time
52,83,Female,Bachelor's,30,sales,70327,3,1.0 days,Medium,6,30.0 years,Maybe,Contract
53,213,Female,Master's,22,sales,70327,2,-2.0 days,Low,1,22.0 years,Yes,Part-time
54,60,Female,Master's,26,sales,70327,3,3.0 days,111,1,26.0 years,Yes,Full-time
55,302,Female,Bachelor's,21,sales,70327,3,4.0 days,Low,8,21.0 years,Cat,Contract
56,170,Male,Sales,20,sales,70327,4,-2.0 days,Low,5,20.0 years,Maybe,Part-time
57,341,Male,Master's,6,sales,70327,1,0.0 days,Low,4,6.0 years,Yes,Part-time
58,336,Male,Bachelor's,10,sales,70327,5,0.0 days,111,3,10.0 years,No,Contract
59,205,Other,Master's,21,sales,70327,2,nan days,111,10,21.0 years,Maybe,Part-time
60,315,Male,Bachelor's,26,sales,70327,,3.0 days,High,3,26.0 years,Maybe,Part-time
61,118,Female,High School,31,sales,70327,2,-2.0 days,High,8,31.0 years,Maybe,Full-time
62,380,Male,PhD,18,sales,70327,1,2.0 days,High,2,18.0 years,No,Full-time
63,55,Male,Master's,25,sales,70327,3,-2.0 days,Medium,3,25.0 years,Cat,Contract
64,43,Male,Other,35,sales,70327,5,2.0 days,111,10,35.0 years,Maybe,Part-time
65,358,Female,PhD,2,sales,70327,5,nan days,Medium,7,2.0 years,Maybe,Full-time
66,136,Male,Master's,29,sales,70327,5,1.0 days,Medium,7,29.0 years,Yes,Full-time
67,168,Other,Master's,5,sales,70327,,nan days,High,7,5.0 years,No,Full-time
68,60,Female,High School,20,sales,70327,4,nan days,High,7,20.0 years,Cat,Contract
69,139,Other,Bachelor's,16,sales,70327,3,1.0 days,Low,8,16.0 years,No,Full-time
70,71,Female,Master's,20,sales,70327,2,1.0 days,Low,7,20.0 years,Cat,Part-time
71,214,Male,Bachelor's,7,sales,70327,2,-2.0 days,High,1,7.0 years,Maybe,Contract
72,162,Male,Bachelor's,25,sales,70327,3,3.0 days,High,1,25.0 years,Yes,Part-time
73,252,Male,Bachelor's,32,sales,70327,2,2.0 days,Medium,9,32.0 years,No,Part-time
74,345,Female,Master's,0,sales,70327,4,-2.0 days,111,4,0.0 years,Maybe,Contract
75,206,Other,Master's,34,sales,70327,5,1.0 days,Medium,6,34.0 years,Cat,Part-time
76,103,Female,High School,29,sales,70327,2,0.0 days,Medium,1,29.0 years,Yes,Full-time
77,209,Male,Master's,26,sales,70327,4,1.0 days,High,6,26.0 years,Cat,Full-time
78,201,Male,Bachelor's,3,sales,70327,5,3.0 days,Medium,9,3.0 years,Yes,Full-time
79,127,Male,Bachelor's,12,sales,70327,,nan days,111,4,12.0 years,Cat,Part-time
80,363,Other,High School,33,sales,70327,,1.0 days,Low,1,33.0 years,Maybe,Contract
81,156,Male,Bachelor's,23,sales,70327,3,4.0 days,High,1,23.0 years,Cat,Part-time
82,379,Female,Master's,39,sales,70327,3,3.0 days,Low,4,39.0 years,Yes,Full-time
83,369,Male,Bachelor's,31,sales,70327,4,0.0 days,111,4,31.0 years,Cat,Part-time
84,351,Other,Master's,40,sales,70327,,2.0 days,Low,6,40.0 years,Yes,Contract
85,56,Female,Bachelor's,28,sales,70327,,1.0 days,High,5,28.0 years,No,Contract
86,331,Male,Bachelor's,3,sales,70327,,3.0 days,Medium,3,3.0 years,Yes,Full-time
87,345,Female,Bachelor's,13,sales,70327,4,2.0 days,111,2,13.0 years,Yes,Contract
88,107,Female,Bachelor's,17,sales,70327,4,nan days,Low,7,17.0 years,Yes,Part-time
89,293,Female,Master's,35,sales,70327,2,nan days,Low,9,35.0 years,Cat,Full-time
90,145,Other,Bachelor's,8,sales,70327,,0.0 days,Low,10,8.0 years,Cat,Contract
91,103,Male,Master's,18,sales,70327,3,4.0 days,High,5,18.0 years,Cat,Full-time
92,256,Other,Bachelor's,28,sales,70327,2,3.0 days,111,3,28.0 years,Cat,Part-time
93,214,Male,Master's,31,sales,70327,2,nan days,111,2,31.0 years,Yes,Contract
94,158,Female,Master's,7,sales,70327,,nan days,High,1,7.0 years,No,Contract
95,347,Female,Bachelor's,1,sales,70327,5,0.0 days,Medium,5,1.0 years,Yes,Contract
96,372,Male,Master's,40,sales,70327,4,0.0 days,111,5,40.0 years,Cat,Full-time
97,305,Female,Master's,38,sales,70327,2,-2.0 days,High,8,38.0 years,Maybe,Contract
98,132,Male,Master's,15,sales,70327,5,2.0 days,High,9,15.0 years,Yes,Full-time
99,370,Male,Sales,10,sales,70327,,-2.0 days,Medium,10,10.0 years,Yes,Contract
100,186,Female,High School,19,sales,70327,1,0.0 days,111,9,19.0 years,Cat,Contract
101,48,Female,Bachelor's,35,IT,70327,5,3.0 days,High,6,35.0 years,Cat,Part-time
102,137,Male,Master's,0,IT,70327,1,1.0 days,Low,7,0.0 years,Cat,Full-time
103,36,Female,Other,35,IT,70327,1,4.0 days,Low,3,35.0 years,Cat,Part-time
104,181,Other,Bachelor's,26,IT,70327,,nan days,Low,6,26.0 years,Maybe,Part-time
105,225,Male,Bachelor's,5,IT,70327,1,4.0 days,111,8,5.0 years,No,Full-time
106,157,Female,Bachelor's,14,IT,70327,1,-2.0 days,111,6,14.0 years,No,Full-time
107,53,Female,Bachelor's,7,IT,70327,4,1.0 days,Medium,4,7.0 years,No,Full-time
108,128,Male,Other,29,IT,70327,2,-2.0 days,Medium,3,29.0 years,No,Contract
109,310,Other,Sales,7,IT,70327,,nan days,111,7,7.0 years,No,Full-time
110,181,Female,Master's,9,IT,70327,2,4.0 days,111,1,9.0 years,Yes,Part-time
111,128,Male,Master's,31,IT,70327,1,2.0 days,Medium,4,31.0 years,Cat,Part-time
112,355,Female,Bachelor's,18,IT,70327,,nan days,111,4,18.0 years,Cat,Contract
113,275,Female,Bachelor's,32,IT,70327,2,4.0 days,Medium,3,32.0 years,Maybe,Full-time
114,222,Male,Bachelor's,17,IT,70327,1,4.0 days,High,4,17.0 years,Yes,Part-time
115,349,Male,Master's,26,IT,70327,2,1.0 days,Low,1,26.0 years,Cat,Part-time
116,254,Female,Bachelor's,30,IT,70327,5,-2.0 days,High,10,30.0 years,No,Contract
117,93,Male,Master's,30,IT,70327,4,0.0 days,Low,9,30.0 years,Yes,Part-time
118,155,Male,Bachelor's,15,IT,70327,3,3.0 days,111,3,15.0 years,Yes,Contract
119,91,Female,Sales,29,IT,70327,1,0.0 days,111,2,29.0 years,Cat,Contract
120,146,Female,PhD,35,IT,70327,5,2.0 days,111,6,35.0 years,Cat,Full-time
121,307,Other,Bachelor's,9,IT,70327,,2.0 days,Medium,1,9.0 years,No,Full-time
122,295,Female,Bachelor's,24,IT,70327,,-2.0 days,High,7,24.0 years,Yes,Contract
123,154,Other,Master's,12,IT,70327,5,0.0 days,Medium,5,12.0 years,Cat,Contract
124,319,Male,Master's,38,IT,70327,4,4.0 days,111,9,38.0 years,Maybe,Contract
125,239,Male,Bachelor's,32,IT,70327,,1.0 days,Low,10,32.0 years,Cat,Part-time
126,318,Other,High School,8,IT,70327,4,-2.0 days,High,1,8.0 years,Cat,Full-time
127,224,Other,Bachelor's,4,IT,70327,1,-2.0 days,High,10,4.0 years,Cat,Full-time
128,205,Female,Master's,17,IT,70327,1,0.0 days,111,1,17.0 years,Maybe,Part-time
129,132,Female,Bachelor's,26,IT,70327,5,nan days,111,2,26.0 years,No,Part-time
130,90,Female,Bachelor's,21,IT,70327,5,3.0 days,Low,1,21.0 years,No,Full-time
131,280,Male,Bachelor's,32,IT,70327,4,2.0 days,High,1,32.0 years,Yes,Part-time
132,272,Other,Bachelor's,17,IT,70327,1,4.0 days,High,2,17.0 years,Cat,Contract
133,66,Male,PhD,0,IT,70327,1,1.0 days,111,7,0.0 years,Yes,Contract
134,44,Male,Bachelor's,18,IT,70327,5,2.0 days,Low,8,18.0 years,Maybe,Part-time
135,76,Female,Bachelor's,19,IT,70327,,4.0 days,High,7,19.0 years,No,Full-time
136,98,Male,Bachelor's,37,IT,70327,3,-2.0 days,Medium,2,37.0 years,Yes,Contract
137,341,Male,Master's,37,IT,70327,5,3.0 days,High,9,37.0 years,Yes,Part-time
138,101,Other,Master's,31,IT,70327,3,-2.0 days,High,5,31.0 years,No,Full-time
139,368,Male,High School,9,IT,70327,1,3.0 days,111,8,9.0 years,No,Contract
140,236,Female,Other,28,IT,70327,5,0.0 days,Low,3,28.0 years,Maybe,Part-time
141,325,Female,Bachelor's,34,IT,70327,,4.0 days,High,4,34.0 years,Maybe,Contract
142,52,Male,Other,30,IT,70327,,nan days,Low,1,30.0 years,Cat,Full-time
143,217,Other,Master's,22,IT,70327,4,2.0 days,Low,5,22.0 years,No,Part-time
144,215,Other,Sales,21,IT,70327,2,-2.0 days,High,7,21.0 years,Cat,Full-time
145,325,Female,Bachelor's,35,IT,70327,1,3.0 days,111,2,35.0 years,Maybe,Contract
146,259,Female,Master's,34,IT,70327,1,3.0 days,Medium,9,34.0 years,Yes,Full-time
147,290,Male,Bachelor's,24,IT,70327,5,-2.0 days,111,5,24.0 years,Maybe,Part-time
148,148,Other,Bachelor's,29,IT,70327,2,2.0 days,111,10,29.0 years,Yes,Part-time
149,303,Female,Other,20,IT,70327,2,4.0 days,High,10,20.0 years,Maybe,Part-time
150,25,Male,Master's,12,IT,70327,2,0.0 days,Low,3,12.0 years,Maybe,Part-time
151,368,Other,Bachelor's,15,IT,70327,5,0.0 days,Medium,7,15.0 years,No,Full-time
152,78,Other,Bachelor's,36,IT,70327,5,1.0 days,High,2,36.0 years,Maybe,Part-time
153,369,Male,Sales,24,IT,70327,3,1.0 days,Low,9,24.0 years,Maybe,Full-time
154,294,Other,Bachelor's,14,IT,70327,3,nan days,Medium,10,14.0 years,Maybe,Part-time
155,156,Male,Bachelor's,26,IT,70327,3,1.0 days,Medium,2,26.0 years,No,Part-time
156,348,Male,PhD,2,IT,70327,4,nan days,111,5,2.0 years,Maybe,Part-time
157,194,Female,Master's,20,IT,70327,1,2.0 days,Low,2,20.0 years,Yes,Part-time
158,77,Female,Other,30,IT,70327,3,4.0 days,Medium,2,30.0 years,No,Contract
159,170,Male,Bachelor's,24,IT,70327,4,nan days,High,8,24.0 years,Cat,Full-time
160,242,Other,Bachelor's,24,IT,70327,4,4.0 days,Low,4,24.0 years,Cat,Full-time
161,100,Male,Master's,9,IT,70327,5,1.0 days,High,10,9.0 years,No,Full-time
162,252,Female,Master's,31,IT,70327,2,1.0 days,Low,4,31.0 years,Maybe,Part-time
163,21,Female,Bachelor's,2,IT,70327,,2.0 days,Low,5,2.0 years,Yes,Contract
164,154,Male,Master's,8,IT,70327,2,1.0 days,111,9,8.0 years,Yes,Full-time
165,276,Male,Master's,32,IT,70327,3,0.0 days,High,4,32.0 years,No,Part-time
166,111,Male,Master's,37,IT,70327,,-2.0 days,Low,6,37.0 years,Maybe,Full-time
167,279,Other,High School,21,IT,70327,1,0.0 days,111,7,21.0 years,No,Full-time
168,74,Other,Master's,6,IT,70327,,0.0 days,Low,5,6.0 years,Cat,Part-time
169,340,Male,PhD,28,IT,70327,,nan days,High,3,28.0 years,Maybe,Part-time
170,172,Female,Bachelor's,6,IT,70327,1,nan days,Low,1,6.0 years,Maybe,Contract
171,347,Male,Bachelor's,33,IT,70327,1,3.0 days,Medium,9,33.0 years,Cat,Part-time
172,279,Female,Bachelor's,29,IT,70327,4,-2.0 days,High,8,29.0 years,Maybe,Full-time
173,331,Female,Bachelor's,0,IT,70327,4,0.0 days,Medium,4,0.0 years,Cat,Full-time
174,121,Female,Other,9,IT,70327,4,-2.0 days,Medium,8,9.0 years,No,Part-time
175,98,Male,Bachelor's,26,IT,70327,5,0.0 days,Medium,6,26.0 years,Yes,Contract
176,211,Male,Bachelor's,9,IT,70327,4,2.0 days,111,4,9.0 years,Yes,Full-time
177,102,Male,PhD,4,IT,70327,1,2.0 days,Low,1,4.0 years,Yes,Part-time
178,296,Male,PhD,30,IT,70327,,1.0 days,Medium,1,30.0 years,Maybe,Part-time
179,291,Male,Master's,16,IT,70327,1,2.0 days,Medium,2,16.0 years,Maybe,Contract
180,20,Female,Bachelor's,21,IT,70327,,-2.0 days,Low,2,21.0 years,Cat,Full-time
181,326,Female,Sales,39,IT,70327,2,3.0 days,Medium,10,39.0 years,Maybe,Part-time
182,185,Other,Bachelor's,25,IT,70327,1,1.0 days,Medium,8,25.0 years,Maybe,Full-time
183,270,Male,Bachelor's,5,IT,70327,4,nan days,High,3,5.0 years,Cat,Full-time
184,29,Female,Master's,21,IT,70327,4,0.0 days,Low,2,21.0 years,Yes,Full-time
185,77,Other,Other,34,IT,70327,,2.0 days,High,9,34.0 years,Cat,Contract
186,205,Female,Master's,24,IT,70327,3,1.0 days,Low,2,24.0 years,No,Part-time
187,177,Male,Bachelor's,20,IT,70327,5,2.0 days,Low,2,20.0 years,Yes,Part-time
188,142,Female,Bachelor's,40,IT,70327,1,1.0 days,Medium,5,40.0 years,Maybe,Part-time
189,49,Female,Bachelor's,31,IT,70327,5,nan days,111,4,31.0 years,No,Part-time
190,143,Female,Bachelor's,34,IT,70327,1,-2.0 days,111,8,34.0 years,No,Full-time
191,310,Other,Bachelor's,2,IT,70327,2,-2.0 days,Low,5,2.0 years,Cat,Contract
192,60,Female,Bachelor's,39,IT,70327,2,0.0 days,High,5,39.0 years,No,Full-time
193,63,Male,Other,4,IT,70327,,nan days,High,8,4.0 years,Cat,Part-time
194,268,Other,PhD,15,IT,70327,5,4.0 days,Low,1,15.0 years,Cat,Part-time
195,55,Male,Bachelor's,40,IT,70327,4,1.0 days,High,2,40.0 years,Cat,Contract
196,292,Male,Master's,18,IT,70327,3,nan days,High,3,18.0 years,Maybe,Full-time
197,84,Female,Master's,14,IT,70327,1,4.0 days,High,1,14.0 years,Cat,Full-time
198,85,Male,Bachelor's,5,IT,70327,1,4.0 days,111,5,5.0 years,Cat,Contract
199,357,Female,Sales,27,IT,70327,,3.0 days,Low,6,27.0 years,Yes,Contract
200,263,Female,Bachelor's,6,IT,70327,3,-2.0 days,Low,6,6.0 years,Yes,Part-time
201,301,Female,Bachelor's,40,finance,70327,5,0.0 days,Low,7,40.0 years,Maybe,Full-time
202,104,Male,Bachelor's,6,finance,70327,5,nan days,111,2,6.0 years,No,Full-time
203,155,Male,Sales,28,finance,70327,,nan days,111,2,28.0 years,No,Full-time
204,290,Male,PhD,10,finance,70327,1,1.0 days,111,1,10.0 years,Maybe,Contract
205,330,Other,Sales,19,finance,70327,2,0.0 days,111,1,19.0 years,Maybe,Full-time
206,236,Male,Master's,1,finance,70327,3,-2.0 days,Medium,3,1.0 years,Yes,Part-time
207,128,Male,Bachelor's,2,finance,70327,1,4.0 days,Medium,3,2.0 years,Cat,Part-time
208,296,Other,Bachelor's,20,finance,70327,2,0.0 days,Medium,6,20.0 years,No,Full-time
209,373,Male,PhD,3,finance,70327,5,1.0 days,Low,6,3.0 years,Maybe,Contract
210,122,Male,Master's,18,finance,70327,2,2.0 days,111,8,18.0 years,Yes,Contract
211,385,Female,Bachelor's,22,finance,70327,,3.0 days,Medium,10,22.0 years,No,Contract
212,179,Male,Other,23,finance,70327,4,-2.0 days,Medium,5,23.0 years,No,Full-time
213,224,Other,Master's,27,finance,70327,1,4.0 days,111,2,27.0 years,No,Contract
214,363,Other,Master's,9,finance,70327,3,1.0 days,Low,6,9.0 years,Maybe,Contract
215,352,Female,PhD,15,finance,70327,2,1.0 days,High,6,15.0 years,Maybe,Contract
216,211,Female,Other,33,finance,70327,5,nan days,Medium,3,33.0 years,Yes,Full-time
217,244,Male,Sales,26,finance,70327,2,0.0 days,Medium,2,26.0 years,Cat,Contract
218,284,Male,Bachelor's,36,finance,70327,5,-2.0 days,High,7,36.0 years,Yes,Contract
219,251,Female,Master's,11,finance,70327,4,2.0 days,Medium,7,11.0 years,Yes,Part-time
220,81,Female,Master's,10,finance,70327,,nan days,High,8,10.0 years,Cat,Full-time
221,146,Other,Bachelor's,11,finance,70327,5,2.0 days,111,5,11.0 years,Yes,Part-time
222,135,Female,Bachelor's,5,finance,70327,3,3.0 days,Low,7,5.0 years,Yes,Part-time
223,52,Male,PhD,39,finance,70327,4,4.0 days,High,8,39.0 years,Maybe,Contract
224,193,Male,Sales,24,finance,70327,,3.0 days,Low,7,24.0 years,Maybe,Part-time
225,30,Other,High School,39,finance,70327,2,0.0 days,Medium,3,39.0 years,No,Part-time
226,321,Female,Master's,15,finance,70327,,-2.0 days,Medium,2,15.0 years,Cat,Contract
227,303,Female,Master's,31,finance,70327,,2.0 days,Low,3,31.0 years,Cat,Full-time
228,137,Male,PhD,37,finance,70327,1,-2.0 days,Medium,1,37.0 years,Cat,Contract
229,321,Male,Bachelor's,9,finance,70327,5,nan days,High,3,9.0 years,Maybe,Contract
230,132,Male,Master's,14,finance,70327,,nan days,High,2,14.0 years,Cat,Full-time
231,23,Male,Master's,29,finance,70327,3,0.0 days,Low,7,29.0 years,Maybe,Full-time
232,56,Male,PhD,40,finance,70327,1,-2.0 days,High,10,40.0 years,Cat,Part-time
233,382,Male,Master's,16,finance,70327,1,-2.0 days,High,8,16.0 years,Yes,Full-time
234,343,Male,Bachelor's,29,finance,70327,4,-2.0 days,Low,10,29.0 years,Yes,Full-time
235,50,Male,Other,16,finance,70327,2,nan days,Medium,8,16.0 years,Maybe,Part-time
236,137,Male,High School,0,finance,70327,1,nan days,Low,3,0.0 years,Cat,Part-time
237,54,Female,Master's,29,finance,70327,3,0.0 days,Low,10,29.0 years,Maybe,Full-time
238,36,Female,Bachelor's,18,finance,70327,5,0.0 days,Low,7,18.0 years,Cat,Contract
239,189,Male,Bachelor's,34,finance,70327,5,0.0 days,111,6,34.0 years,No,Contract
240,56,Male,Other,10,finance,70327,5,nan days,111,10,10.0 years,No,Part-time
241,283,Female,Master's,4,finance,70327,4,2.0 days,111,1,4.0 years,No,Part-time
242,141,Male,Master's,28,finance,70327,3,1.0 days,111,3,28.0 years,No,Part-time
243,162,Male,Bachelor's,22,finance,70327,1,4.0 days,111,8,22.0 years,Maybe,Full-time
244,362,Female,Bachelor's,37,finance,70327,,4.0 days,Medium,8,37.0 years,Yes,Full-time
245,268,Female,Master's,19,finance,70327,3,4.0 days,111,2,19.0 years,Yes,Full-time
246,129,Female,Other,40,finance,70327,4,-2.0 days,Low,7,40.0 years,Maybe,Full-time
247,296,Male,Other,27,finance,70327,4,3.0 days,Low,8,27.0 years,No,Part-time
248,87,Other,Master's,16,finance,70327,2,3.0 days,High,1,16.0 years,Cat,Contract
249,312,Male,Bachelor's,29,finance,70327,3,1.0 days,111,2,29.0 years,Maybe,Full-time
250,315,Female,Bachelor's,19,finance,70327,5,nan days,Medium,5,19.0 years,Maybe,Part-time
251,262,Female,Bachelor's,12,finance,70327,4,-2.0 days,High,6,12.0 years,No,Full-time
252,144,Other,Bachelor's,24,finance,70327,4,-2.0 days,111,1,24.0 years,Maybe,Contract
253,262,Other,Bachelor's,30,finance,70327,2,-2.0 days,Low,9,30.0 years,No,Contract
254,228,Male,High School,6,finance,70327,,0.0 days,111,10,6.0 years,No,Full-time
255,117,Female,Master's,15,finance,70327,5,4.0 days,111,10,15.0 years,Cat,Part-time
256,68,Male,Bachelor's,24,finance,70327,,2.0 days,111,4,24.0 years,Maybe,Contract
257,69,Other,Bachelor's,36,finance,70327,4,nan days,High,6,36.0 years,Yes,Part-time
258,357,Female,Bachelor's,22,finance,70327,1,0.0 days,111,9,22.0 years,No,Full-time
259,240,Female,High School,36,finance,70327,5,-2.0 days,Medium,9,36.0 years,Maybe,Part-time
260,201,Female,Bachelor's,18,finance,70327,3,nan days,High,10,18.0 years,Cat,Part-time
261,236,Male,Master's,18,finance,70327,2,nan days,Low,2,18.0 years,Maybe,Part-time
262,230,Other,PhD,1,finance,70327,,nan days,Low,7,1.0 years,Maybe,Part-time
263,259,Male,Master's,25,finance,70327,1,1.0 days,High,4,25.0 years,Yes,Part-time
264,47,Other,Sales,17,finance,70327,1,-2.0 days,Medium,8,17.0 years,Maybe,Part-time
265,364,Male,Sales,0,finance,70327,3,-2.0 days,High,6,0.0 years,Cat,Contract
266,354,Male,Bachelor's,36,finance,70327,2,2.0 days,High,7,36.0 years,No,Contract
267,350,Other,Bachelor's,3,finance,70327,4,-2.0 days,High,3,3.0 years,No,Contract
268,70,Female,Bachelor's,38,finance,70327,,0.0 days,Low,9,38.0 years,Cat,Contract
269,51,Female,Master's,31,finance,70327,,3.0 days,Low,10,31.0 years,No,Part-time
270,226,Female,Bachelor's,18,finance,70327,2,2.0 days,High,1,18.0 years,Cat,Part-time
271,193,Female,Master's,14,finance,70327,,nan days,Low,1,14.0 years,Yes,Part-time
272,75,Female,Bachelor's,38,finance,70327,4,4.0 days,111,3,38.0 years,Yes,Full-time
273,147,Other,High School,22,finance,70327,3,2.0 days,Medium,9,22.0 years,No,Part-time
274,118,Female,Other,14,finance,70327,3,2.0 days,111,8,14.0 years,Yes,Contract
275,117,Male,Bachelor's,40,finance,70327,1,-2.0 days,High,8,40.0 years,Cat,Part-time
276,294,Male,Bachelor's,12,finance,70327,1,2.0 days,Low,3,12.0 years,No,Part-time
277,249,Male,High School,39,finance,70327,1,4.0 days,Low,2,39.0 years,Yes,Part-time
278,91,Female,Master's,16,finance,70327,3,2.0 days,111,8,16.0 years,Cat,Full-time
279,236,Other,Bachelor's,8,finance,70327,4,0.0 days,Medium,6,8.0 years,Maybe,Part-time
280,113,Female,Other,40,finance,70327,3,1.0 days,Low,4,40.0 years,Maybe,Full-time
281,162,Other,Master's,6,finance,70327,3,0.0 days,High,6,6.0 years,Cat,Part-time
282,256,Other,Master's,40,finance,70327,1,0.0 days,Medium,5,40.0 years,Yes,Full-time
283,147,Female,Bachelor's,2,finance,70327,2,1.0 days,Low,1,2.0 years,Cat,Contract
284,58,Female,PhD,19,finance,70327,1,1.0 days,111,9,19.0 years,Yes,Part-time
285,246,Male,Bachelor's,28,finance,70327,2,2.0 days,Medium,4,28.0 years,No,Contract
286,301,Female,PhD,2,finance,70327,4,0.0 days,111,9,2.0 years,Yes,Full-time
287,70,Female,Master's,37,finance,70327,4,-2.0 days,Medium,7,37.0 years,Cat,Part-time
288,45,Female,PhD,23,finance,70327,5,3.0 days,Medium,7,23.0 years,Cat,Full-time
289,353,Female,PhD,8,finance,70327,5,3.0 days,High,4,8.0 years,Yes,Full-time
290,296,Female,Master's,5,finance,70327,5,3.0 days,High,2,5.0 years,Yes,Contract
291,27,Female,High School,18,finance,70327,4,0.0 days,Medium,8,18.0 years,Cat,Contract
292,67,Female,Bachelor's,20,finance,70327,1,4.0 days,Low,8,20.0 years,Yes,Part-time
293,141,Male,Bachelor's,26,finance,70327,1,1.0 days,Medium,10,26.0 years,Cat,Part-time
294,105,Female,Bachelor's,11,finance,70327,1,2.0 days,High,8,11.0 years,Maybe,Full-time
295,228,Female,Bachelor's,12,finance,70327,3,2.0 days,Low,2,12.0 years,Maybe,Contract
296,268,Female,Bachelor's,8,finance,70327,5,3.0 days,Low,8,8.0 years,Cat,Part-time
297,266,Female,Bachelor's,34,finance,70327,1,2.0 days,High,8,34.0 years,No,Part-time
298,129,Female,PhD,23,finance,70327,5,-2.0 days,Low,6,23.0 years,Yes,Full-time
299,225,Male,Bachelor's,33,finance,70327,5,-2.0 days,High,2,33.0 years,Maybe,Full-time
300,50,Female,PhD,32,finance,70327,3,1.0 days,Low,8,32.0 years,No,Part-time
301,104,Female,Sales,17,,70327,4,2.0 days,High,1,17.0 years,Cat,Contract
302,214,Male,PhD,10,,70327,1,0.0 days,Low,2,10.0 years,No,Part-time
303,21,Other,Bachelor's,16,,70327,3,2.0 days,Low,7,16.0 years,Maybe,Part-time
304,219,Female,Bachelor's,30,,70327,4,0.0 days,Low,7,30.0 years,Maybe,Contract
305,155,Male,Bachelor's,18,,70327,4,4.0 days,111,1,18.0 years,Maybe,Part-time
306,252,Female,Bachelor's,21,,70327,1,nan days,Medium,9,21.0 years,Cat,Part-time
307,166,Female,Bachelor's,7,,70327,,3.0 days,111,9,7.0 years,Yes,Full-time
308,236,Male,Master's,29,,70327,5,0.0 days,High,1,29.0 years,Cat,Full-time
309,376,Male,Sales,4,,70327,2,4.0 days,Low,2,4.0 years,No,Full-time
310,304,Male,Master's,9,,70327,5,nan days,Low,10,9.0 years,No,Part-time
311,358,Female,Bachelor's,14,,70327,5,3.0 days,Medium,10,14.0 years,Yes,Part-time
312,269,Male,Bachelor's,25,,70327,2,nan days,111,5,25.0 years,Cat,Full-time
313,99,Female,Bachelor's,35,,70327,,-2.0 days,High,9,35.0 years,Cat,Part-time
314,117,Other,Bachelor's,23,,70327,4,2.0 days,High,9,23.0 years,No,Full-time
315,171,Male,Bachelor's,5,,70327,2,nan days,Medium,4,5.0 years,Cat,Contract
316,131,Female,High School,25,,70327,2,4.0 days,Low,8,25.0 years,No,Contract
317,49,Female,Bachelor's,0,,70327,3,1.0 days,Medium,6,0.0 years,No,Full-time
318,316,Female,Master's,16,,70327,3,2.0 days,High,6,16.0 years,No,Part-time
319,297,Male,Bachelor's,34,,70327,3,3.0 days,111,1,34.0 years,Maybe,Contract
320,51,Other,Bachelor's,7,,70327,4,nan days,Low,4,7.0 years,No,Full-time
321,180,Female,PhD,29,,70327,2,2.0 days,111,8,29.0 years,Maybe,Part-time
322,49,Male,Bachelor's,23,,70327,1,1.0 days,Medium,6,23.0 years,Cat,Contract
323,45,Male,Sales,16,,70327,2,3.0 days,High,9,16.0 years,Maybe,Contract
324,319,Male,Master's,37,,70327,4,3.0 days,Low,10,37.0 years,Yes,Contract
325,264,Other,Bachelor's,24,,70327,3,1.0 days,High,10,24.0 years,Maybe,Full-time
326,277,Female,Master's,40,,70327,4,2.0 days,Medium,8,40.0 years,Yes,Contract
327,291,Male,Master's,23,,70327,3,1.0 days,High,6,23.0 years,Cat,Contract
328,100,Female,High School,6,,70327,4,0.0 days,Medium,8,6.0 years,Cat,Contract
329,49,Female,Bachelor's,14,,70327,1,-2.0 days,Medium,2,14.0 years,Cat,Contract
330,280,Male,Bachelor's,30,,70327,3,1.0 days,Low,2,30.0 years,Cat,Full-time
331,61,Male,Bachelor's,1,,70327,3,3.0 days,111,4,1.0 years,Cat,Full-time
332,115,Female,Bachelor's,39,,70327,2,0.0 days,Medium,1,39.0 years,No,Contract
333,55,Female,Master's,35,,70327,,-2.0 days,111,6,35.0 years,Maybe,Full-time
334,324,Male,Master's,20,,70327,,nan days,111,6,20.0 years,Yes,Part-time
335,54,Female,Bachelor's,39,,70327,4,nan days,111,5,39.0 years,Yes,Contract
336,365,Male,Bachelor's,14,,70327,5,1.0 days,Medium,9,14.0 years,No,Full-time
337,140,Female,Other,4,,70327,5,-2.0 days,High,9,4.0 years,Maybe,Contract
338,226,Female,Sales,40,,70327,2,nan days,High,6,40.0 years,No,Part-time
339,81,Male,Other,29,,70327,4,2.0 days,High,2,29.0 years,Yes,Contract
340,311,Male,High School,19,,70327,1,3.0 days,High,1,19.0 years,No,Part-time
341,146,Other,Bachelor's,26,,70327,2,1.0 days,Low,3,26.0 years,Yes,Part-time
342,316,Other,Master's,7,,70327,3,nan days,Low,8,7.0 years,No,Part-time
343,324,Female,High School,8,,70327,1,3.0 days,111,3,8.0 years,No,Contract
344,40,Female,Master's,2,,70327,4,0.0 days,111,7,2.0 years,No,Full-time
345,337,Male,Master's,2,,70327,3,0.0 days,High,2,2.0 years,Cat,Full-time
346,61,Female,PhD,19,,70327,5,-2.0 days,111,5,19.0 years,Yes,Contract
347,234,Male,PhD,31,,70327,4,0.0 days,High,10,31.0 years,Maybe,Contract
348,356,Other,Master's,7,,70327,3,4.0 days,Low,4,7.0 years,Maybe,Part-time
349,318,Female,Bachelor's,6,,70327,4,0.0 days,Low,4,6.0 years,Yes,Part-time
350,309,Male,Master's,15,,70327,3,1.0 days,High,2,15.0 years,No,Part-time
351,287,Female,PhD,34,,70327,4,3.0 days,Low,7,34.0 years,No,Full-time
352,181,Female,Bachelor's,8,,70327,,nan days,Low,4,8.0 years,Yes,Full-time
353,153,Other,Master's,24,,70327,5,nan days,111,8,24.0 years,No,Full-time
354,124,Male,Bachelor's,29,,70327,2,4.0 days,111,4,29.0 years,Yes,Full-time
355,362,Female,Bachelor's,23,,70327,3,-2.0 days,Low,6,23.0 years,Yes,Part-time
356,180,Male,Bachelor's,34,,70327,3,nan days,High,2,34.0 years,Maybe,Contract
357,142,Other,Bachelor's,26,,70327,5,0.0 days,Low,7,26.0 years,Maybe,Full-time
358,155,Male,Bachelor's,37,,70327,,3.0 days,Medium,1,37.0 years,Maybe,Contract
359,222,Female,Bachelor's,9,,70327,2,nan days,High,10,9.0 years,Cat,Contract
360,87,Female,Bachelor's,26,,70327,4,nan days,Medium,2,26.0 years,Yes,Full-time
361,363,Female,Bachelor's,6,,70327,3,2.0 days,High,8,6.0 years,No,Full-time
362,350,Other,PhD,31,,70327,2,1.0 days,111,8,31.0 years,Cat,Part-time
363,173,Male,Master's,39,,70327,4,nan days,High,10,39.0 years,Cat,Part-time
364,254,Other,Bachelor's,26,,70327,3,nan days,Medium,9,26.0 years,No,Part-time
365,181,Female,Bachelor's,17,,70327,3,0.0 days,111,3,17.0 years,Maybe,Full-time
366,57,Male,High School,2,,70327,,0.0 days,Medium,8,2.0 years,Maybe,Part-time
367,24,Male,Master's,23,,70327,,0.0 days,111,1,23.0 years,Yes,Contract
368,254,Other,Master's,13,,70327,,3.0 days,Low,9,13.0 years,Cat,Contract
369,338,Male,Bachelor's,28,,70327,4,1.0 days,Medium,1,28.0 years,Maybe,Full-time
370,308,Female,PhD,28,,70327,5,nan days,High,9,28.0 years,Cat,Contract
371,71,Female,Bachelor's,15,,70327,2,4.0 days,High,7,15.0 years,Cat,Contract
372,57,Male,Master's,23,,70327,3,4.0 days,Low,10,23.0 years,Cat,Part-time
373,295,Female,PhD,6,,70327,4,1.0 days,Medium,8,6.0 years,Maybe,Part-time
374,129,Male,Master's,23,,70327,3,3.0 days,Low,9,23.0 years,No,Part-time
375,279,Male,Master's,34,,70327,4,-2.0 days,High,3,34.0 years,No,Contract
376,155,Female,PhD,22,,70327,3,4.0 days,111,10,22.0 years,Cat,Contract
377,87,Female,Bachelor's,3,,70327,1,4.0 days,Low,3,3.0 years,No,Contract
378,198,Male,Master's,25,,70327,5,1.0 days,111,3,25.0 years,No,Contract
379,55,Female,High School,17,,70327,2,3.0 days,111,2,17.0 years,Yes,Part-time
380,145,Female,Bachelor's,12,,70327,5,3.0 days,Medium,7,12.0 years,Cat,Part-time
381,209,Female,Other,7,,70327,5,0.0 days,Medium,10,7.0 years,Maybe,Full-time
382,165,Female,Sales,29,,70327,2,3.0 days,Medium,10,29.0 years,Cat,Part-time
383,100,Female,Master's,5,,70327,,0.0 days,High,6,5.0 years,Cat,Part-time
384,244,Female,Master's,13,,70327,5,nan days,High,9,13.0 years,Maybe,Contract
385,298,Other,High School,40,,70327,1,nan days,111,7,40.0 years,Maybe,Contract
386,380,Female,PhD,38,,70327,,2.0 days,111,7,38.0 years,Yes,Full-time
387,174,Male,Master's,1,,70327,4,3.0 days,111,10,1.0 years,Cat,Contract
388,333,Female,Master's,3,,70327,,1.0 days,Medium,4,3.0 years,Cat,Contract
389,354,Female,PhD,21,,70327,2,0.0 days,High,5,21.0 years,Yes,Full-time
390,290,Male,Master's,15,,70327,4,2.0 days,High,7,15.0 years,Yes,Part-time
391,24,Female,Bachelor's,8,,70327,3,-2.0 days,Medium,6,8.0 years,Yes,Full-time
392,361,Female,Bachelor's,36,,70327,,-2.0 days,High,5,36.0 years,No,Contract
393,303,Female,Master's,13,,70327,1,-2.0 days,111,8,13.0 years,Cat,Contract
394,173,Other,Other,4,,70327,4,0.0 days,Low,3,4.0 years,Maybe,Contract
395,359,Other,Master's,35,,70327,,3.0 days,Low,3,35.0 years,Cat,Full-time
396,73,Female,Bachelor's,13,,70327,4,0.0 days,High,7,13.0 years,Yes,Contract
397,88,Female,Master's,37,,70327,2,-2.0 days,High,10,37.0 years,No,Contract
398,155,Male,Other,13,,70327,,3.0 days,111,9,13.0 years,Yes,Part-time
399,79,Female,Bachelor's,14,,70327,3,2.0 days,111,5,14.0 years,Cat,Part-time
400,74,Male,Other,21,,70327,2,-2.0 days,Low,9,21.0 years,Yes,Part-time
401,303,Male,PhD,9,,70327,,1.0 days,High,6,9.0 years,Yes,Full-time
402,99,Female,PhD,38,Sales,70327,,3.0 days,Medium,9,38.0 years,Maybe,Full-time
403,159,Female,Master's,0,Marketing,70327,,0.0 days,111,4,0.0 years,Yes,Part-time
404,164,Female,Bachelor's,17,23,70327,,nan days,High,4,17.0 years,Maybe,Contract
405,329,Male,PhD,9,56,70327,,0.0 days,111,4,9.0 years,Yes,Full-time
406,127,Male,Sales,8,Finance,70327,,1.0 days,High,10,8.0 years,Cat,Part-time
407,195,Female,Bachelor's,34,56,70327,,4.0 days,Low,5,34.0 years,Maybe,Full-time
408,124,Female,PhD,16,Finance,70327,,0.0 days,Low,6,16.0 years,Maybe,Contract
409,371,Female,Bachelor's,11,IT,70327,,nan days,Medium,3,11.0 years,Cat,Full-time
410,344,Other,PhD,7,Sales,70327,,nan days,Medium,3,7.0 years,Cat,Contract
411,155,Female,Master's,1,IT,70327,,nan days,111,9,1.0 years,No,Contract
412,278,Male,PhD,8,56,70327,,1.0 days,Low,9,8.0 years,No,Part-time
413,270,Male,Master's,0,Marketing,70327,,-2.0 days,111,6,0.0 years,Cat,Full-time
414,148,Female,Master's,22,Sales,70327,,-2.0 days,High,2,22.0 years,Maybe,Full-time
415,46,Female,Bachelor's,15,Finance,70327,,0.0 days,111,6,15.0 years,Cat,Part-time
416,67,Male,Bachelor's,37,Finance,70327,,3.0 days,Medium,9,37.0 years,No,Part-time
417,344,Other,Master's,20,HR,70327,,4.0 days,Medium,8,20.0 years,Maybe,Part-time
418,236,Female,Bachelor's,1,Sales,70327,,0.0 days,111,10,1.0 years,Maybe,Full-time
419,161,Male,Master's,11,IT,70327,,nan days,111,10,11.0 years,Cat,Part-time
420,42,Male,Bachelor's,16,23,70327,,-2.0 days,Medium,7,16.0 years,No,Full-time
421,21,Male,Bachelor's,3,IT,70327,,nan days,Medium,9,3.0 years,Yes,Contract
422,190,Female,Other,8,HR,70327,,3.0 days,Low,5,8.0 years,Cat,Contract
423,86,Female,Bachelor's,26,Finance,70327,,nan days,Low,7,26.0 years,Yes,Full-time
424,346,Male,Bachelor's,33,Sales,70327,,1.0 days,High,1,33.0 years,Yes,Part-time
425,154,Female,Bachelor's,7,IT,70327,,-2.0 days,Low,9,7.0 years,Cat,Part-time
426,102,Male,Bachelor's,4,Marketing,70327,,1.0 days,High,2,4.0 years,Yes,Part-time
427,246,Female,PhD,30,Marketing,70327,,4.0 days,High,1,30.0 years,Cat,Contract
428,302,Other,High School,28,Sales,70327,,4.0 days,111,7,28.0 years,No,Full-time
429,381,Other,PhD,23,IT,70327,,2.0 days,Medium,3,23.0 years,No,Full-time
430,238,Male,Bachelor's,32,23,70327,,3.0 days,Medium,1,32.0 years,No,Part-time
431,307,Male,Master's,37,IT,70327,,-2.0 days,111,1,37.0 years,No,Part-time
432,24,Other,Bachelor's,6,IT,70327,,1.0 days,Medium,4,6.0 years,Cat,Contract
433,77,Male,Bachelor's,28,Finance,70327,,1.0 days,111,5,28.0 years,No,Contract
434,58,Male,Master's,32,Finance,70327,,1.0 days,Medium,3,32.0 years,No,Part-time
435,373,Female,Other,14,56,70327,,0.0 days,Medium,5,14.0 years,Yes,Part-time
436,96,Male,Bachelor's,39,HR,70327,,0.0 days,Low,5,39.0 years,Yes,Part-time
437,299,Female,High School,2,56,70327,,4.0 days,Low,3,2.0 years,No,Full-time
438,38,Female,Bachelor's,33,Finance,70327,,2.0 days,Medium,1,33.0 years,Maybe,Part-time
439,209,Other,PhD,19,Sales,70327,,nan days,Medium,5,19.0 years,No,Contract
440,318,Other,Master's,29,Marketing,70327,,4.0 days,Low,4,29.0 years,Maybe,Part-time
441,302,Female,Master's,1,56,70327,,2.0 days,Medium,9,1.0 years,Cat,Full-time
442,95,Female,Other,3,23,70327,,4.0 days,High,1,3.0 years,Yes,Contract
443,240,Male,PhD,30,56,70327,,1.0 days,Low,6,30.0 years,No,Full-time
444,85,Female,Other,25,Finance,70327,,0.0 days,Low,8,25.0 years,Yes,Contract
445,41,Female,Bachelor's,27,23,70327,,4.0 days,111,2,27.0 years,Maybe,Part-time
446,177,Male,Other,6,Sales,70327,,3.0 days,Low,10,6.0 years,Cat,Contract
447,206,Male,Bachelor's,31,56,70327,,4.0 days,Low,9,31.0 years,Cat,Contract
448,40,Female,Master's,28,HR,70327,,3.0 days,High,4,28.0 years,No,Contract
449,203,Other,Bachelor's,4,Marketing,70327,,nan days,High,9,4.0 years,Cat,Full-time
450,127,Male,Bachelor's,5,23,70327,,1.0 days,111,7,5.0 years,Cat,Full-time
451,369,Female,Other,20,Sales,70327,,0.0 days,111,4,20.0 years,Yes,Full-time
452,147,Female,Bachelor's,38,Marketing,70327,,4.0 days,Medium,9,38.0 years,Yes,Part-time
453,361,Male,Other,9,23,70327,,3.0 days,High,5,9.0 years,No,Contract
454,72,Other,Master's,4,56,70327,,nan days,111,1,4.0 years,No,Part-time
455,201,Male,Master's,8,HR,70327,,0.0 days,Low,7,8.0 years,No,Contract
456,306,Female,Bachelor's,17,23,70327,,2.0 days,Low,7,17.0 years,No,Part-time
457,228,Female,Bachelor's,39,HR,70327,,1.0 days,Medium,7,39.0 years,No,Contract
458,337,Male,Master's,40,IT,70327,,4.0 days,Medium,6,40.0 years,Cat,Part-time
459,99,Female,Master's,37,HR,70327,,4.0 days,111,9,37.0 years,No,Contract
460,141,Female,Bachelor's,35,Finance,70327,,1.0 days,Medium,1,35.0 years,No,Contract
461,103,Male,Master's,20,IT,70327,,0.0 days,111,1,20.0 years,Maybe,Contract
462,110,Male,PhD,24,IT,70327,,0.0 days,High,5,24.0 years,Cat,Contract
463,231,Male,Master's,38,Sales,70327,,4.0 days,High,4,38.0 years,Cat,Part-time
464,32,Male,PhD,33,Finance,70327,,-2.0 days,Medium,10,33.0 years,Yes,Contract
465,111,Male,Bachelor's,18,Sales,70327,,4.0 days,Medium,8,18.0 years,Maybe,Part-time
466,190,Other,Sales,29,23,70327,,3.0 days,High,4,29.0 years,Maybe,Full-time
467,230,Other,Bachelor's,32,Finance,70327,,2.0 days,Low,6,32.0 years,Yes,Part-time
468,362,Male,Master's,38,IT,70327,,nan days,High,10,38.0 years,Yes,Part-time
469,147,Male,Master's,27,23,70327,,nan days,Low,9,27.0 years,Maybe,Contract
470,156,Female,Bachelor's,6,IT,70327,,3.0 days,High,10,6.0 years,Yes,Full-time
471,101,Male,Bachelor's,7,Finance,70327,,-2.0 days,Low,4,7.0 years,Maybe,Full-time
472,379,Male,Bachelor's,35,Marketing,70327,,0.0 days,High,4,35.0 years,No,Full-time
473,75,Male,Master's,13,Sales,70327,,3.0 days,Low,5,13.0 years,No,Contract
474,215,Male,Master's,27,Finance,70327,,1.0 days,High,8,27.0 years,Cat,Full-time
475,39,Female,Other,28,23,70327,,nan days,High,3,28.0 years,Yes,Full-time
476,260,Male,PhD,14,HR,70327,,3.0 days,Medium,2,14.0 years,Cat,Part-time
477,133,Female,Bachelor's,26,Finance,70327,,0.0 days,High,3,26.0 years,Yes,Part-time
478,122,Male,Master's,21,Sales,70327,,4.0 days,High,3,21.0 years,No,Part-time
479,255,Female,Master's,29,56,70327,,3.0 days,High,9,29.0 years,Maybe,Contract
480,199,Other,Bachelor's,25,56,70327,,-2.0 days,High,2,25.0 years,Yes,Part-time
481,176,Male,Master's,26,56,70327,,2.0 days,111,7,26.0 years,Maybe,Contract
482,136,Female,Bachelor's,6,56,70327,,0.0 days,Medium,1,6.0 years,Maybe,Contract
483,134,Female,Bachelor's,20,Sales,70327,,1.0 days,111,7,20.0 years,No,Contract
484,32,Other,Bachelor's,27,23,70327,,4.0 days,111,5,27.0 years,Maybe,Full-time
485,357,Female,Bachelor's,20,56,70327,,-2.0 days,111,9,20.0 years,Yes,Part-time
486,118,Female,High School,16,IT,70327,,0.0 days,Low,5,16.0 years,Cat,Full-time
487,224,Female,PhD,23,IT,70327,,1.0 days,111,3,23.0 years,Maybe,Full-time
488,188,Male,Bachelor's,9,Sales,70327,,1.0 days,Low,3,9.0 years,Yes,Part-time
489,162,Male,Master's,30,Sales,70327,,0.0 days,111,10,30.0 years,Cat,Full-time
490,55,Male,Other,4,56,70327,,4.0 days,Low,5,4.0 years,Cat,Full-time
491,162,Other,Bachelor's,5,Sales,70327,,-2.0 days,111,1,5.0 years,No,Contract
492,199,Male,Bachelor's,5,Finance,70327,,nan days,High,6,5.0 years,No,Contract
493,348,Female,Bachelor's,5,Finance,70327,,4.0 days,High,8,5.0 years,Maybe,Full-time
494,280,Male,Bachelor's,27,Finance,70327,,4.0 days,Medium,3,27.0 years,Maybe,Part-time
495,224,Female,Master's,6,HR,70327,,4.0 days,Low,1,6.0 years,Yes,Contract
496,367,Male,Master's,23,IT,70327,,4.0 days,111,3,23.0 years,No,Contract
497,294,Female,Bachelor's,8,23,70327,,1.0 days,High,6,8.0 years,Yes,Full-time
498,189,Male,Master's,35,IT,70327,,2.0 days,Medium,10,35.0 years,Cat,Part-time
499,34,Female,Master's,3,IT,70327,,-2.0 days,High,1,3.0 years,No,Full-time
500,79,Other,Bachelor's,37,23,70327,,1.0 days,High,10,37.0 years,No,Contract
501,153,Female,PhD,35,HR,70327,,0.0 days,Medium,5,35.0 years,No,Part-time
502,111,Other,Sales,35,Marketing,70327,2,0.0 days,Medium,8,35.0 years,Yes,Contract
503,317,Female,Master's,21,Finance,70327,5,4.0 days,High,10,21.0 years,Maybe,Part-time
504,155,Female,Bachelor's,7,HR,70327,2,-2.0 days,111,9,7.0 years,No,Contract
505,39,Female,PhD,26,56,70327,3,1.0 days,Low,6,26.0 years,Yes,Part-time
506,75,Other,Bachelor's,22,Sales,70327,5,1.0 days,111,2,22.0 years,Yes,Contract
507,325,Male,Master's,27,23,70327,4,nan days,111,6,27.0 years,No,Contract
508,242,Female,Bachelor's,3,IT,70327,4,-2.0 days,111,9,3.0 years,Cat,Part-time
509,196,Male,Bachelor's,18,HR,70327,2,4.0 days,Medium,4,18.0 years,Maybe,Full-time
510,180,Female,Bachelor's,38,23,70327,4,-2.0 days,Low,3,38.0 years,Cat,Contract
511,243,Male,Bachelor's,19,Finance,70327,,-2.0 days,Medium,9,19.0 years,Cat,Part-time
512,330,Male,Bachelor's,22,Sales,70327,2,2.0 days,111,2,22.0 years,Yes,Full-time
513,281,Male,Master's,6,23,70327,2,2.0 days,Low,9,6.0 years,Cat,Full-time
514,79,Female,Other,36,IT,70327,,4.0 days,111,3,36.0 years,Cat,Contract
515,217,Other,Bachelor's,32,56,70327,,2.0 days,Medium,7,32.0 years,No,Part-time
516,315,Female,PhD,13,Finance,70327,4,0.0 days,High,9,13.0 years,No,Part-time
517,117,Female,Bachelor's,9,23,70327,4,2.0 days,Medium,9,9.0 years,Maybe,Full-time
518,150,Male,Master's,30,Finance,70327,1,2.0 days,Low,7,30.0 years,Cat,Contract
519,42,Male,Bachelor's,14,HR,70327,,2.0 days,High,2,14.0 years,Yes,Full-time
520,382,Male,Bachelor's,6,IT,70327,5,1.0 days,111,6,6.0 years,Cat,Part-time
521,243,Female,Master's,22,Finance,70327,2,3.0 days,High,4,22.0 years,Cat,Full-time
522,20,Male,Master's,35,56,70327,4,2.0 days,High,4,35.0 years,Yes,Contract
523,286,Male,Bachelor's,23,Sales,70327,5,-2.0 days,111,6,23.0 years,Yes,Full-time
524,295,Female,Bachelor's,7,Sales,70327,4,nan days,Low,6,7.0 years,Cat,Full-time
525,371,Other,Bachelor's,17,Marketing,70327,4,2.0 days,Medium,6,17.0 years,No,Part-time
526,363,Other,Master's,36,IT,70327,1,nan days,Medium,5,36.0 years,Cat,Full-time
527,120,Male,Bachelor's,14,Sales,70327,,nan days,111,4,14.0 years,Yes,Part-time
528,206,Female,Bachelor's,27,23,70327,2,3.0 days,High,10,27.0 years,Yes,Part-time
529,240,Male,Bachelor's,35,23,70327,2,4.0 days,111,9,35.0 years,Yes,Full-time
530,55,Male,Master's,39,56,70327,3,nan days,High,8,39.0 years,No,Part-time
531,360,Female,Master's,39,Sales,70327,,4.0 days,High,9,39.0 years,Yes,Full-time
532,189,Male,Bachelor's,35,Marketing,70327,1,0.0 days,Low,1,35.0 years,No,Part-time
533,339,Other,Bachelor's,1,HR,70327,5,0.0 days,Low,2,1.0 years,Yes,Contract
534,180,Male,Master's,38,IT,70327,1,2.0 days,High,6,38.0 years,Yes,Contract
535,359,Male,PhD,17,56,70327,5,-2.0 days,Low,8,17.0 years,Yes,Full-time
536,83,Female,Sales,1,Finance,70327,2,nan days,111,4,1.0 years,No,Contract
537,173,Female,PhD,11,Marketing,70327,3,nan days,Medium,10,11.0 years,No,Full-time
538,279,Female,Bachelor's,17,IT,70327,3,-2.0 days,Low,10,17.0 years,Cat,Full-time
539,178,Female,PhD,19,Marketing,70327,2,1.0 days,Low,4,19.0 years,Cat,Full-time
540,361,Other,PhD,21,56,70327,4,-2.0 days,Medium,1,21.0 years,Maybe,Full-time
541,229,Male,Master's,22,Marketing,70327,1,1.0 days,High,6,22.0 years,Cat,Full-time
542,187,Female,PhD,0,Sales,70327,3,1.0 days,High,7,0.0 years,No,Full-time
543,226,Other,Bachelor's,11,Sales,70327,,-2.0 days,Low,2,11.0 years,Yes,Full-time
544,376,Female,Bachelor's,9,Finance,70327,4,-2.0 days,Medium,7,9.0 years,No,Part-time
545,171,Male,Bachelor's,36,56,70327,5,1.0 days,Medium,5,36.0 years,Maybe,Part-time
546,303,Female,Bachelor's,25,Marketing,70327,,0.0 days,Medium,9,25.0 years,Yes,Contract
547,85,Male,Bachelor's,4,56,70327,3,2.0 days,High,5,4.0 years,Maybe,Part-time
548,118,Male,Bachelor's,9,56,70327,5,0.0 days,111,1,9.0 years,No,Part-time
549,235,Female,PhD,40,23,70327,4,4.0 days,111,9,40.0 years,Cat,Contract
550,360,Other,Bachelor's,1,Marketing,70327,5,-2.0 days,111,6,1.0 years,No,Contract
551,214,Male,Bachelor's,5,IT,70327,4,3.0 days,Low,9,5.0 years,Yes,Full-time
552,366,Other,Master's,33,Marketing,70327,5,-2.0 days,Medium,9,33.0 years,Cat,Full-time
553,109,Female,Bachelor's,13,IT,70327,1,1.0 days,111,8,13.0 years,No,Part-time
554,335,Other,Bachelor's,24,HR,70327,3,3.0 days,Medium,8,24.0 years,No,Full-time
555,311,Male,Sales,26,IT,70327,3,3.0 days,High,1,26.0 years,Yes,Full-time
556,174,Male,Bachelor's,29,IT,70327,4,2.0 days,Low,5,29.0 years,Cat,Full-time
557,227,Male,Master's,21,56,70327,5,4.0 days,Medium,4,21.0 years,Maybe,Part-time
558,300,Female,Master's,10,HR,70327,2,-2.0 days,Medium,6,10.0 years,Yes,Part-time
559,20,Male,Master's,23,23,70327,,2.0 days,Medium,9,23.0 years,Cat,Contract
560,175,Other,Master's,19,23,70327,,4.0 days,High,2,19.0 years,No,Part-time
561,166,Female,Master's,20,Sales,70327,3,0.0 days,111,2,20.0 years,Yes,Part-time
562,127,Other,Master's,36,IT,70327,5,3.0 days,Medium,3,36.0 years,Cat,Part-time
563,240,Male,Bachelor's,38,56,70327,5,2.0 days,High,9,38.0 years,Cat,Part-time
564,316,Female,Bachelor's,5,23,70327,1,0.0 days,Medium,9,5.0 years,Cat,Full-time
565,330,Male,Master's,3,Sales,70327,,-2.0 days,111,1,3.0 years,No,Full-time
566,355,Other,Sales,9,56,70327,2,-2.0 days,Medium,2,9.0 years,Cat,Contract
567,184,Male,High School,10,HR,70327,3,1.0 days,High,4,10.0 years,Maybe,Part-time
568,258,Male,Master's,39,Sales,70327,1,0.0 days,High,4,39.0 years,Yes,Contract
569,246,Female,Bachelor's,3,23,70327,2,0.0 days,High,7,3.0 years,Cat,Contract
570,246,Male,Master's,5,56,70327,3,2.0 days,High,2,5.0 years,Maybe,Contract
571,365,Other,Master's,17,Finance,70327,1,4.0 days,High,4,17.0 years,Cat,Full-time
572,129,Female,Bachelor's,28,Marketing,70327,2,3.0 days,Medium,9,28.0 years,Maybe,Contract
573,281,Female,Other,27,23,70327,3,4.0 days,Low,7,27.0 years,No,Part-time
574,262,Male,Bachelor's,31,56,70327,,4.0 days,High,2,31.0 years,No,Contract
575,106,Male,High School,38,Finance,70327,2,3.0 days,High,3,38.0 years,Maybe,Part-time
576,357,Female,Master's,28,HR,70327,5,1.0 days,Low,1,28.0 years,Cat,Full-time
577,63,Female,Master's,26,HR,70327,4,4.0 days,111,8,26.0 years,Maybe,Full-time
578,165,Male,Bachelor's,17,Marketing,70327,4,1.0 days,High,6,17.0 years,Yes,Full-time
579,283,Male,Bachelor's,13,Sales,70327,5,1.0 days,111,1,13.0 years,Maybe,Part-time
580,359,Female,Master's,32,HR,70327,2,0.0 days,High,2,32.0 years,No,Full-time
581,344,Male,High School,7,HR,70327,5,-2.0 days,Low,2,7.0 years,Yes,Full-time
582,337,Female,Bachelor's,22,56,70327,4,-2.0 days,Medium,1,22.0 years,Cat,Part-time
583,191,Male,Bachelor's,27,Marketing,70327,4,2.0 days,Medium,3,27.0 years,Cat,Part-time
584,67,Male,Bachelor's,7,23,70327,2,3.0 days,High,5,7.0 years,No,Contract
585,140,Female,Master's,18,HR,70327,4,3.0 days,111,9,18.0 years,Cat,Part-time
586,364,Male,Bachelor's,37,56,70327,,nan days,Low,2,37.0 years,No,Part-time
587,178,Male,Master's,31,23,70327,5,2.0 days,High,10,31.0 years,No,Contract
588,135,Male,Bachelor's,33,Marketing,70327,,0.0 days,Low,4,33.0 years,No,Contract
589,121,Other,Master's,19,Marketing,70327,,-2.0 days,111,5,19.0 years,Cat,Full-time
590,95,Female,PhD,2,Sales,70327,2,1.0 days,Medium,7,2.0 years,No,Full-time
591,32,Female,Other,14,HR,70327,5,-2.0 days,Low,7,14.0 years,Cat,Contract
592,43,Male,Master's,25,IT,70327,2,2.0 days,Medium,8,25.0 years,Cat,Part-time
593,145,Other,Other,38,56,70327,4,-2.0 days,111,7,38.0 years,Cat,Full-time
594,263,Female,Master's,3,Finance,70327,3,1.0 days,Low,7,3.0 years,Yes,Contract
595,332,Male,Other,0,56,70327,2,nan days,Low,6,0.0 years,No,Part-time
596,57,Other,High School,13,Marketing,70327,2,4.0 days,Low,1,13.0 years,Cat,Full-time
597,253,Other,Bachelor's,19,Finance,70327,3,4.0 days,111,7,19.0 years,Maybe,Contract
598,232,Female,Bachelor's,13,IT,70327,4,3.0 days,Medium,2,13.0 years,Cat,Full-time
599,342,Female,Master's,8,Sales,70327,5,2.0 days,High,9,8.0 years,No,Full-time
600,314,Male,Bachelor's,16,IT,70327,1,0.0 days,Low,1,16.0 years,Yes,Full-time
601,,Female,Master's,18,Sales,70327,3,-2.0 days,Medium,10,18.0 years,Cat,Part-time
602,,Male,Master's,20,IT,70327,1,-2.0 days,111,2,20.0 years,Yes,Contract
603,,Male,Master's,7,IT,70327,4,0.0 days,Medium,10,7.0 years,Maybe,Full-time
604,,Female,Master's,0,Sales,70327,2,0.0 days,111,1,0.0 years,No,Part-time
605,,Male,Bachelor's,31,56,70327,2,4.0 days,High,2,31.0 years,Maybe,Full-time
606,,Other,Bachelor's,27,56,70327,4,1.0 days,Low,6,27.0 years,No,Part-time
607,,Other,Master's,11,56,70327,5,-2.0 days,Medium,9,11.0 years,Yes,Contract
608,,Other,Bachelor's,8,Sales,70327,5,2.0 days,Low,2,8.0 years,No,Contract
609,,Male,Bachelor's,24,Marketing,70327,,nan days,Low,5,24.0 years,No,Part-time
610,,Male,Master's,34,HR,70327,4,-2.0 days,111,5,34.0 years,Maybe,Contract
611,,Male,Master's,14,23,70327,4,1.0 days,Medium,10,14.0 years,Yes,Full-time
612,,Female,Bachelor's,32,Finance,70327,,nan days,111,2,32.0 years,Maybe,Full-time
613,,Male,High School,35,56,70327,4,2.0 days,111,5,35.0 years,Cat,Contract
614,,Other,PhD,22,Finance,70327,4,2.0 days,High,8,22.0 years,Cat,Part-time
615,,Male,Bachelor's,4,23,70327,,2.0 days,111,7,4.0 years,No,Full-time
616,,Female,Bachelor's,25,Finance,70327,4,4.0 days,111,7,25.0 years,Yes,Contract
617,,Other,Bachelor's,2,Sales,70327,4,1.0 days,High,1,2.0 years,Cat,Part-time
618,,Male,Bachelor's,27,Marketing,70327,2,-2.0 days,Medium,8,27.0 years,No,Part-time
619,,Female,Other,1,HR,70327,1,4.0 days,High,3,1.0 years,Yes,Full-time
620,,Other,Master's,29,HR,70327,5,3.0 days,Low,9,29.0 years,No,Part-time
621,,Male,Bachelor's,4,23,70327,1,2.0 days,Medium,4,4.0 years,Yes,Part-time
622,,Male,High School,20,IT,70327,2,0.0 days,Medium,3,20.0 years,No,Full-time
623,,Female,Bachelor's,36,Marketing,70327,3,1.0 days,Medium,7,36.0 years,No,Full-time
624,,Female,Master's,27,HR,70327,1,2.0 days,Low,9,27.0 years,Maybe,Part-time
625,,Female,Sales,36,56,70327,3,1.0 days,Medium,5,36.0 years,Maybe,Contract
626,,Male,High School,25,Finance,70327,2,0.0 days,Medium,3,25.0 years,Yes,Full-time
627,,Male,Bachelor's,40,IT,70327,5,2.0 days,111,5,40.0 years,Yes,Full-time
628,,Female,PhD,26,IT,70327,3,-2.0 days,Low,6,26.0 years,Cat,Part-time
629,,Female,Master's,18,Marketing,70327,2,1.0 days,111,1,18.0 years,Yes,Full-time
630,,Other,Sales,7,IT,70327,4,2.0 days,111,9,7.0 years,Yes,Contract
631,,Other,High School,25,Sales,70327,5,2.0 days,Low,9,25.0 years,Maybe,Contract
632,,Female,Master's,1,Marketing,70327,,1.0 days,High,3,1.0 years,Maybe,Part-time
633,,Female,Other,20,HR,70327,4,0.0 days,Medium,2,20.0 years,Yes,Full-time
634,,Female,Master's,10,Marketing,70327,5,nan days,111,1,10.0 years,No,Full-time
635,,Female,Master's,39,IT,70327,5,1.0 days,High,1,39.0 years,Cat,Contract
636,,Male,Master's,29,Marketing,70327,1,3.0 days,Low,10,29.0 years,Yes,Contract
637,,Female,Bachelor's,23,23,70327,5,-2.0 days,Low,10,23.0 years,Yes,Contract
638,,Male,Other,5,56,70327,1,0.0 days,111,7,5.0 years,No,Part-time
639,,Other,PhD,27,56,70327,3,nan days,Low,9,27.0 years,Cat,Part-time
640,,Male,Master's,6,Finance,70327,5,4.0 days,Low,9,6.0 years,No,Contract
641,,Male,Bachelor's,15,IT,70327,3,4.0 days,Medium,2,15.0 years,Cat,Part-time
642,,Female,Bachelor's,27,Finance,70327,5,-2.0 days,Medium,5,27.0 years,Yes,Part-time
643,,Other,High School,37,IT,70327,1,-2.0 days,111,4,37.0 years,Maybe,Contract
644,,Female,Master's,25,IT,70327,,4.0 days,High,6,25.0 years,No,Full-time
645,,Female,Bachelor's,33,Finance,70327,4,1.0 days,Medium,4,33.0 years,Maybe,Contract
646,,Other,PhD,5,Sales,70327,5,nan days,High,7,5.0 years,Cat,Contract
647,,Male,Master's,25,23,70327,2,3.0 days,111,9,25.0 years,No,Contract
648,,Female,PhD,19,56,70327,4,2.0 days,111,3,19.0 years,Cat,Contract
649,,Male,Other,21,Sales,70327,1,nan days,Medium,3,21.0 years,No,Full-time
650,,Female,Master's,14,Finance,70327,,3.0 days,111,3,14.0 years,Cat,Contract
651,,Female,Sales,21,Marketing,70327,,0.0 days,High,4,21.0 years,Yes,Contract
652,,Female,Master's,10,IT,70327,2,3.0 days,High,10,10.0 years,Yes,Full-time
653,,Male,Bachelor's,4,IT,70327,3,-2.0 days,High,5,4.0 years,No,Part-time
654,,Male,PhD,32,56,70327,1,nan days,111,4,32.0 years,Yes,Contract
655,,Other,Master's,40,Finance,70327,4,2.0 days,111,2,40.0 years,Cat,Contract
656,,Female,Bachelor's,7,IT,70327,3,nan days,111,3,7.0 years,Maybe,Full-time
657,,Female,High School,33,Finance,70327,3,3.0 days,High,10,33.0 years,Maybe,Full-time
658,,Female,Bachelor's,32,56,70327,1,2.0 days,High,1,32.0 years,Yes,Part-time
659,,Female,Master's,12,HR,70327,4,3.0 days,Low,9,12.0 years,Maybe,Contract
660,,Male,PhD,22,Marketing,70327,1,4.0 days,Low,8,22.0 years,Yes,Part-time
661,,Male,Master's,22,Finance,70327,2,nan days,High,9,22.0 years,Maybe,Full-time
662,,Female,PhD,9,Marketing,70327,2,2.0 days,Medium,2,9.0 years,Yes,Part-time
663,,Other,Bachelor's,15,IT,70327,,3.0 days,Low,5,15.0 years,Yes,Contract
664,,Male,Master's,6,IT,70327,5,0.0 days,Medium,2,6.0 years,Cat,Part-time
665,,Female,PhD,9,23,70327,,2.0 days,High,5,9.0 years,Maybe,Contract
666,,Female,Bachelor's,16,23,70327,3,1.0 days,111,2,16.0 years,No,Full-time
667,,Male,Bachelor's,12,IT,70327,,-2.0 days,Medium,4,12.0 years,Cat,Contract
668,,Female,PhD,11,56,70327,5,2.0 days,Medium,10,11.0 years,No,Full-time
669,,Male,PhD,38,HR,70327,,nan days,Medium,8,38.0 years,No,Contract
670,,Male,Master's,9,Finance,70327,4,4.0 days,111,6,9.0 years,Cat,Contract
671,,Male,High School,4,56,70327,2,-2.0 days,High,6,4.0 years,Cat,Part-time
672,,Female,Bachelor's,11,56,70327,5,3.0 days,Medium,3,11.0 years,No,Full-time
673,,Female,PhD,40,Marketing,70327,2,3.0 days,111,4,40.0 years,Maybe,Contract
674,,Male,Sales,31,Marketing,70327,2,3.0 days,Medium,2,31.0 years,Cat,Contract
675,,Male,Master's,29,Marketing,70327,2,nan days,Medium,5,29.0 years,Maybe,Full-time
676,,Female,Bachelor's,36,Finance,70327,1,3.0 days,111,10,36.0 years,Maybe,Full-time
677,,Other,Master's,37,IT,70327,5,4.0 days,Low,2,37.0 years,No,Contract
678,,Male,Sales,28,Finance,70327,3,3.0 days,Low,4,28.0 years,Yes,Part-time
679,,Female,Bachelor's,36,IT,70327,5,0.0 days,Medium,6,36.0 years,Cat,Full-time
680,,Male,PhD,40,Finance,70327,3,-2.0 days,Medium,8,40.0 years,Yes,Contract
681,,Male,PhD,39,23,70327,5,nan days,Low,8,39.0 years,Cat,Full-time
682,,Male,Master's,20,IT,70327,5,2.0 days,High,6,20.0 years,Yes,Contract
683,,Other,Bachelor's,40,HR,70327,2,0.0 days,111,10,40.0 years,Cat,Contract
684,,Male,PhD,20,HR,70327,3,0.0 days,High,5,20.0 years,Yes,Contract
685,,Male,Sales,9,HR,70327,,0.0 days,Medium,10,9.0 years,No,Part-time
686,,Male,Bachelor's,28,Marketing,70327,3,nan days,Low,3,28.0 years,Maybe,Part-time
687,,Male,Master's,4,Finance,70327,3,0.0 days,High,10,4.0 years,Maybe,Full-time
688,,Male,Master's,30,23,70327,5,0.0 days,111,10,30.0 years,Cat,Full-time
689,,Other,Bachelor's,28,Marketing,70327,3,-2.0 days,High,6,28.0 years,Maybe,Full-time
690,,Female,Master's,40,HR,70327,5,2.0 days,Medium,6,40.0 years,Cat,Full-time
691,,Male,Bachelor's,19,Finance,70327,,-2.0 days,111,7,19.0 years,No,Part-time
692,,Female,Bachelor's,17,23,70327,1,4.0 days,Medium,3,17.0 years,Cat,Contract
693,,Other,Other,37,Finance,70327,2,2.0 days,High,1,37.0 years,Yes,Contract
694,,Male,Master's,3,HR,70327,4,0.0 days,High,6,3.0 years,No,Contract
695,,Female,Master's,22,56,70327,1,nan days,Low,4,22.0 years,Maybe,Full-time
696,,Other,Master's,32,56,70327,3,4.0 days,111,4,32.0 years,Cat,Part-time
697,,Male,Master's,4,HR,70327,,0.0 days,Low,7,4.0 years,Maybe,Contract
698,,Other,Master's,19,23,70327,2,nan days,Medium,5,19.0 years,Yes,Full-time
699,,Male,PhD,29,23,70327,,3.0 days,111,6,29.0 years,Maybe,Contract
700,,Female,Master's,28,Finance,70327,2,1.0 days,High,3,28.0 years,No,Contract
701,,male,Master's,2,Sales,70327,2,1.0 days,High,6,2.0 years,No,Part-time
702,227,male,Sales,3,56,70327,2,4.0 days,High,8,3.0 years,No,Contract
703,104,male,Bachelor's,23,IT,70327,,nan days,Low,8,23.0 years,Maybe,Contract
704,259,male,Sales,18,IT,70327,3,-2.0 days,Medium,8,18.0 years,Cat,Contract
705,85,male,Master's,4,Marketing,70327,2,-2.0 days,Medium,very happy,4.0 years,No,Contract
706,338,male,Master's,5,Sales,70327,,2.0 days,Medium,5,5.0 years,Maybe,Full-time
707,293,male,High School,39,56,70327,4,3.0 days,High,8,39.0 years,Yes,Full-time
708,33,male,Master's,38,56,70327,4,2.0 days,Low,9,38.0 years,Cat,Contract
709,221,male,Master's,32,Finance,70327,2,3.0 days,111,2,32.0 years,Cat,Part-time
710,323,male,Bachelor's,24,IT,70327,5,1.0 days,Medium,3,24.0 years,Maybe,Part-time
711,308,male,Master's,29,23,70327,,nan days,Medium,10,29.0 years,Maybe,Part-time
712,359,male,Master's,37,Sales,70327,3,1.0 days,Low,2,37.0 years,Yes,Part-time
713,33,male,PhD,35,56,70327,,3.0 days,111,5,35.0 years,Cat,Full-time
714,62,male,Bachelor's,2,IT,70327,4,2.0 days,Low,3,2.0 years,Cat,Contract
715,349,male,High School,28,Finance,70327,4,nan days,High,9,28.0 years,Maybe,Contract
716,239,male,Master's,36,23,70327,4,-2.0 days,High,4,36.0 years,No,Full-time
717,89,male,PhD,12,HR,70327,1,nan days,Medium,5,12.0 years,No,Full-time
718,256,male,High School,20,IT,70327,,4.0 days,Low,2,20.0 years,No,Contract
719,113,male,Master's,38,Sales,70327,1,3.0 days,Medium,2,38.0 years,No,Part-time
720,45,male,Master's,30,Marketing,70327,4,3.0 days,Medium,1,30.0 years,No,Part-time
721,153,male,Master's,32,56,70327,5,3.0 days,High,9,32.0 years,Maybe,Contract
722,214,male,Bachelor's,9,HR,70327,,nan days,Low,1,9.0 years,No,Part-time
723,187,male,Bachelor's,3,Sales,70327,3,2.0 days,Low,10,3.0 years,Yes,Full-time
724,128,male,Master's,28,HR,70327,,-2.0 days,High,10,28.0 years,Yes,Full-time
725,252,male,Bachelor's,6,Marketing,70327,3,2.0 days,High,7,6.0 years,Maybe,Full-time
726,187,male,Other,21,Finance,70327,4,0.0 days,Low,10,21.0 years,Yes,Part-time
727,192,male,Other,5,Finance,70327,4,0.0 days,High,4,5.0 years,Maybe,Full-time
728,214,male,Other,32,IT,70327,3,3.0 days,Low,1,32.0 years,No,Part-time
729,162,male,PhD,11,Finance,70327,5,3.0 days,Medium,9,11.0 years,Yes,Full-time
730,235,male,Master's,2,Marketing,70327,1,3.0 days,High,5,2.0 years,No,Part-time
731,149,male,Bachelor's,15,23,70327,,nan days,Medium,9,15.0 years,Maybe,Part-time
732,61,male,Master's,28,23,70327,1,-2.0 days,111,9,28.0 years,Maybe,Full-time
733,260,male,Sales,28,Sales,70327,,-2.0 days,Low,8,28.0 years,Yes,Part-time
734,29,male,Other,33,Finance,70327,4,3.0 days,Medium,3,33.0 years,Yes,Full-time
735,296,male,Bachelor's,33,Sales,70327,,nan days,Medium,6,33.0 years,Cat,Full-time
736,46,male,PhD,39,HR,70327,,-2.0 days,Low,7,39.0 years,Yes,Full-time
737,199,male,Bachelor's,10,IT,70327,,nan days,High,4,10.0 years,Yes,Part-time
738,134,male,Bachelor's,23,56,70327,3,1.0 days,Medium,10,23.0 years,Maybe,Contract
739,352,male,Master's,23,23,70327,1,nan days,High,5,23.0 years,Maybe,Contract
740,55,male,Other,18,56,70327,5,3.0 days,High,3,18.0 years,Maybe,Full-time
741,353,male,Bachelor's,24,23,70327,4,1.0 days,High,8,24.0 years,Maybe,Contract
742,40,male,PhD,26,Finance,70327,2,2.0 days,High,9,26.0 years,Maybe,Contract
743,35,male,Bachelor's,21,Sales,70327,4,1.0 days,Low,9,21.0 years,Maybe,Contract
744,146,male,Master's,38,56,70327,2,2.0 days,Low,2,38.0 years,Maybe,Part-time
745,122,male,Master's,3,IT,70327,4,4.0 days,Low,7,3.0 years,No,Full-time
746,30,male,Bachelor's,40,HR,70327,3,2.0 days,High,6,40.0 years,Cat,Contract
747,338,male,Bachelor's,21,HR,70327,3,3.0 days,111,9,21.0 years,No,Full-time
748,98,male,Bachelor's,4,IT,70327,3,3.0 days,Medium,1,4.0 years,Cat,Part-time
749,142,male,Bachelor's,21,23,70327,3,2.0 days,Medium,4,21.0 years,Yes,Contract
750,84,male,Master's,6,IT,70327,5,-2.0 days,111,10,6.0 years,Cat,Contract
751,262,male,Other,35,Marketing,70327,5,0.0 days,Low,3,35.0 years,Cat,Contract
752,362,male,Master's,24,Finance,70327,2,1.0 days,Medium,9,24.0 years,Yes,Contract
753,78,male,PhD,18,IT,70327,5,2.0 days,Low,3,18.0 years,Yes,Full-time
754,308,male,PhD,16,23,70327,4,0.0 days,Medium,8,16.0 years,Cat,Full-time
755,131,male,Bachelor's,38,Marketing,70327,3,3.0 days,111,3,38.0 years,Maybe,Full-time
756,258,male,Bachelor's,9,IT,70327,,3.0 days,Low,3,9.0 years,No,Contract
757,378,male,Bachelor's,21,HR,70327,1,4.0 days,High,10,21.0 years,Cat,Full-time
758,151,male,Master's,5,23,70327,1,4.0 days,Low,10,5.0 years,No,Full-time
759,208,male,Master's,37,Sales,70327,1,2.0 days,Low,3,37.0 years,Cat,Contract
760,105,male,Bachelor's,9,Marketing,70327,,-2.0 days,High,8,9.0 years,Maybe,Full-time
761,330,male,Master's,22,56,70327,4,2.0 days,Low,6,22.0 years,Cat,Contract
762,330,male,Bachelor's,19,Marketing,70327,1,1.0 days,High,1,19.0 years,Cat,Part-time
763,78,male,Master's,25,Sales,70327,1,4.0 days,111,4,25.0 years,Yes,Part-time
764,103,male,Other,8,Marketing,70327,2,0.0 days,Medium,8,8.0 years,No,Full-time
765,179,male,Other,38,Marketing,70327,4,-2.0 days,High,4,38.0 years,Maybe,Full-time
766,75,male,Master's,5,56,70327,4,4.0 days,High,2,5.0 years,No,Full-time
767,316,male,Master's,19,56,70327,1,2.0 days,High,5,19.0 years,Cat,Part-time
768,33,male,Other,35,IT,70327,4,1.0 days,High,6,35.0 years,Cat,Part-time
769,179,male,Bachelor's,24,Finance,70327,2,1.0 days,Low,4,24.0 years,Yes,Part-time
770,314,male,Bachelor's,21,Marketing,70327,,-2.0 days,111,1,21.0 years,Cat,Contract
771,366,male,PhD,8,23,70327,2,1.0 days,Low,4,8.0 years,Maybe,Full-time
772,212,male,Other,33,HR,70327,,nan days,Low,9,33.0 years,No,Full-time
773,223,male,Other,5,Finance,70327,3,nan days,Low,6,5.0 years,Cat,Part-time
774,121,male,Bachelor's,27,IT,70327,2,1.0 days,High,7,27.0 years,Cat,Part-time
775,58,male,Master's,32,Finance,70327,3,1.0 days,High,8,32.0 years,No,Full-time
776,323,male,Master's,23,IT,70327,1,1.0 days,High,8,23.0 years,No,Full-time
777,373,male,Master's,1,23,70327,,nan days,High,1,1.0 years,Maybe,Contract
778,341,male,Master's,23,Finance,70327,3,2.0 days,Medium,1,23.0 years,Cat,Part-time
779,144,male,Other,19,23,70327,3,nan days,111,6,19.0 years,Yes,Contract
780,72,male,PhD,11,Sales,70327,1,4.0 days,111,2,11.0 years,Cat,Contract
781,376,male,High School,13,Sales,70327,3,4.0 days,High,9,13.0 years,Cat,Part-time
782,174,male,Bachelor's,21,IT,70327,,-2.0 days,111,5,21.0 years,Yes,Contract
783,370,male,Master's,31,Marketing,70327,,nan days,Medium,5,31.0 years,Yes,Full-time
784,327,male,Bachelor's,12,IT,70327,2,0.0 days,Low,10,12.0 years,Cat,Contract
785,81,male,Bachelor's,14,IT,70327,1,0.0 days,Low,9,14.0 years,Maybe,Contract
786,309,male,Bachelor's,8,IT,70327,4,1.0 days,Medium,10,8.0 years,Cat,Part-time
787,41,male,PhD,9,56,70327,,4.0 days,Low,3,9.0 years,Cat,Contract
788,197,male,Bachelor's,4,HR,70327,3,2.0 days,Low,7,4.0 years,Yes,Full-time
789,292,male,Master's,18,HR,70327,,nan days,Medium,7,18.0 years,Cat,Part-time
790,239,male,Bachelor's,6,Finance,70327,,nan days,Low,6,6.0 years,Cat,Full-time
791,358,male,PhD,32,Sales,70327,2,1.0 days,111,10,32.0 years,Maybe,Part-time
792,209,male,High School,34,23,70327,4,1.0 days,Medium,2,34.0 years,Maybe,Full-time
793,55,male,Sales,33,56,70327,,4.0 days,111,9,33.0 years,Maybe,Full-time
794,279,male,Other,2,Sales,70327,1,2.0 days,Medium,5,2.0 years,Maybe,Contract
795,351,male,Bachelor's,21,56,70327,,3.0 days,111,7,21.0 years,Yes,Part-time
796,194,male,Bachelor's,39,56,70327,1,4.0 days,Medium,4,39.0 years,No,Full-time
797,26,male,Bachelor's,8,IT,70327,1,-2.0 days,High,9,8.0 years,Maybe,Part-time
798,235,male,Other,38,Sales,70327,2,0.0 days,111,7,38.0 years,No,Contract
799,270,male,Bachelor's,24,IT,70327,4,2.0 days,111,6,24.0 years,Cat,Full-time
800,74,male,PhD,9,Finance,70327,1,0.0 days,High,6,9.0 years,Maybe,Contract
801,241,male,Master's,,Marketing,70327,2,nan days,Low,8,nan years,Yes,Part-time
802,205,Male,High School,,56,70327,5,2.0 days,111,8,nan years,Cat,Contract
803,345,Other,Master's,,23,70327,2,4.0 days,High,10,nan years,Maybe,Part-time
804,255,Female,Bachelor's,,Finance,70327,5,2.0 days,Medium,1,nan years,Yes,Part-time
805,382,Female,Master's,,HR,70327,,nan days,High,9,nan years,Maybe,Contract
806,98,Female,PhD,,Sales,70327,4,3.0 days,111,3,nan years,No,Contract
807,242,Female,Bachelor's,,Sales,70327,1,nan days,111,8,nan years,Yes,Full-time
808,110,Male,Bachelor's,,Finance,70327,1,1.0 days,High,3,nan years,Cat,Contract
809,287,Male,Master's,,23,70327,,nan days,High,4,nan years,Cat,Part-time
810,353,Male,Master's,,Finance,70327,3,-2.0 days,Medium,2,nan years,Yes,Full-time
811,158,Female,Master's,,56,70327,1,3.0 days,111,9,nan years,Maybe,Contract
812,335,Other,Bachelor's,,56,70327,4,nan days,High,5,nan years,Yes,Part-time
813,295,Male,Bachelor's,,IT,70327,,0.0 days,Low,4,nan years,Maybe,Part-time
814,267,Female,Master's,,Sales,70327,2,-2.0 days,High,3,nan years,Maybe,Contract
815,258,Male,High School,,23,70327,4,1.0 days,Low,3,nan years,Yes,Part-time
816,243,Female,PhD,,Sales,70327,1,4.0 days,High,3,nan years,Maybe,Contract
817,323,Other,Master's,,Marketing,70327,2,3.0 days,High,6,nan years,No,Full-time
818,157,Male,Bachelor's,,HR,70327,4,2.0 days,Low,10,nan years,Maybe,Part-time
819,185,Female,Master's,,56,70327,1,0.0 days,Low,2,nan years,No,Full-time
820,145,Other,Bachelor's,,56,70327,,nan days,Medium,4,nan years,Cat,Full-time
821,64,Male,Master's,,Marketing,70327,1,nan days,Medium,7,nan years,Cat,Part-time
822,162,Male,Bachelor's,,56,70327,1,3.0 days,Low,6,nan years,Cat,Contract
823,250,Other,PhD,,23,70327,3,3.0 days,Low,2,nan years,No,Part-time
824,144,Male,Other,,IT,70327,3,-2.0 days,111,8,nan years,No,Full-time
825,257,Female,Bachelor's,,23,70327,3,0.0 days,Medium,8,nan years,Yes,Part-time
826,311,Male,Other,,HR,70327,2,0.0 days,Medium,8,nan years,No,Full-time
827,332,Other,Sales,,23,70327,4,nan days,High,4,nan years,Cat,Full-time
828,362,Male,Other,,IT,70327,2,0.0 days,High,10,nan years,Cat,Part-time
829,214,Female,Other,,IT,70327,,nan days,Low,3,nan years,Cat,Full-time
830,192,Female,PhD,,Sales,70327,,-2.0 days,High,7,nan years,Maybe,Part-time
831,34,Female,PhD,,Marketing,70327,2,0.0 days,Low,1,nan years,No,Part-time
832,273,Male,Master's,,Marketing,70327,1,-2.0 days,Medium,4,nan years,Yes,Contract
833,186,Other,Master's,,IT,70327,5,2.0 days,High,1,nan years,No,Part-time
834,113,Female,Master's,,Sales,70327,5,-2.0 days,111,3,nan years,Yes,Full-time
835,269,Female,Master's,,Sales,70327,1,1.0 days,111,10,nan years,Maybe,Contract
836,128,Male,Other,,Finance,70327,5,4.0 days,High,10,nan years,No,Full-time
837,201,Other,Bachelor's,,Finance,70327,,0.0 days,High,3,nan years,No,Contract
838,152,Female,High School,,IT,70327,2,1.0 days,Low,3,nan years,Maybe,Full-time
839,194,Female,Other,,HR,70327,4,1.0 days,Low,9,nan years,Yes,Contract
840,163,Male,Master's,,Marketing,70327,3,nan days,High,1,nan years,No,Contract
841,325,Female,Bachelor's,,23,70327,,2.0 days,Medium,10,nan years,Cat,Part-time
842,379,Male,PhD,,Finance,70327,2,3.0 days,111,3,nan years,Maybe,Part-time
843,161,Male,Bachelor's,,56,70327,,2.0 days,111,1,nan years,Yes,Contract
844,304,Male,High School,,IT,70327,,4.0 days,111,3,nan years,Maybe,Contract
845,25,Other,High School,,HR,70327,2,-2.0 days,Low,5,nan years,Yes,Full-time
846,284,Female,Master's,,56,70327,4,4.0 days,Low,3,nan years,No,Contract
847,117,Other,Master's,,Sales,70327,5,-2.0 days,Low,9,nan years,Maybe,Contract
848,63,Female,Other,,56,70327,,0.0 days,111,7,nan years,No,Contract
849,143,Other,PhD,,23,70327,4,1.0 days,Medium,10,nan years,Yes,Part-time
850,228,Male,PhD,,HR,70327,2,2.0 days,High,10,nan years,Maybe,Full-time
851,270,Female,PhD,,IT,70327,1,3.0 days,High,1,nan years,Cat,Contract
852,304,Male,High School,,23,70327,1,2.0 days,Medium,5,nan years,Cat,Part-time
853,143,Male,Bachelor's,,IT,70327,2,0.0 days,Low,2,nan years,Maybe,Part-time
854,373,Female,Master's,,Finance,70327,1,nan days,Medium,4,nan years,Cat,Part-time
855,263,Female,Master's,,Marketing,70327,5,2.0 days,Low,8,nan years,Maybe,Full-time
856,350,Female,Other,,HR,70327,,3.0 days,Low,10,nan years,Yes,Part-time
857,384,Male,Master's,,23,70327,4,3.0 days,High,8,nan years,Cat,Part-time
858,271,Male,Other,,Marketing,70327,3,1.0 days,Medium,8,nan years,Cat,Full-time
859,249,Male,High School,,HR,70327,4,1.0 days,111,3,nan years,Yes,Contract
860,28,Female,Master's,,IT,70327,3,0.0 days,111,4,nan years,Yes,Part-time
861,67,Female,Bachelor's,,56,70327,2,nan days,111,7,nan years,Cat,Part-time
862,170,Male,Other,,23,70327,2,1.0 days,Low,10,nan years,Yes,Full-time
863,133,Male,Master's,,IT,70327,3,4.0 days,111,3,nan years,No,Full-time
864,227,Male,Bachelor's,,HR,70327,,nan days,111,10,nan years,Cat,Full-time
865,374,Other,PhD,,23,70327,1,4.0 days,Low,3,nan years,Maybe,Contract
866,144,Male,Bachelor's,,Finance,70327,2,-2.0 days,Low,10,nan years,Maybe,Full-time
867,176,Male,Bachelor's,,Finance,70327,5,1.0 days,Medium,9,nan years,Yes,Contract
868,359,Male,PhD,,HR,70327,5,-2.0 days,111,5,nan years,Cat,Part-time
869,317,Male,PhD,,23,70327,5,2.0 days,111,3,nan years,No,Full-time
870,208,Other,Bachelor's,,Sales,70327,,-2.0 days,Medium,6,nan years,Yes,Contract
871,262,Male,Master's,,56,70327,5,0.0 days,Low,8,nan years,Cat,Part-time
872,303,Male,Bachelor's,,IT,70327,3,nan days,Low,10,nan years,No,Full-time
873,291,Other,Other,,Finance,70327,,3.0 days,111,10,nan years,Maybe,Contract
874,196,Female,Other,,Sales,70327,1,nan days,High,2,nan years,Cat,Contract
875,237,Female,Bachelor's,,Marketing,70327,,0.0 days,Low,4,nan years,Yes,Part-time
876,301,Female,Master's,,Marketing,70327,3,nan days,Low,7,nan years,No,Contract
877,189,Male,Bachelor's,,Sales,70327,2,0.0 days,111,7,nan years,No,Contract
878,200,Female,Bachelor's,,56,70327,5,4.0 days,High,3,nan years,Maybe,Full-time
879,379,Male,Master's,,HR,70327,5,0.0 days,111,2,nan years,Yes,Contract
880,252,Male,Master's,,Sales,70327,5,4.0 days,Medium,1,nan years,No,Contract
881,158,Female,PhD,,IT,70327,2,0.0 days,High,4,nan years,Maybe,Full-time
882,176,Male,Bachelor's,,HR,70327,,1.0 days,Low,9,nan years,Maybe,Part-time
883,148,Female,Master's,,IT,70327,4,4.0 days,Medium,9,nan years,Maybe,Part-time
884,138,Male,Master's,,IT,70327,3,2.0 days,High,7,nan years,Maybe,Contract
885,81,Male,Master's,,IT,70327,,3.0 days,High,3,nan years,Cat,Part-time
886,118,Female,PhD,,Marketing,70327,1,-2.0 days,111,10,nan years,Maybe,Contract
887,181,Female,Sales,,IT,70327,2,nan days,High,2,nan years,Cat,Full-time
888,81,Female,Bachelor's,,56,70327,4,nan days,High,3,nan years,Cat,Contract
889,294,Other,Master's,,IT,70327,4,nan days,Low,8,nan years,Yes,Full-time
890,373,Male,Bachelor's,,Finance,70327,1,4.0 days,Low,10,nan years,No,Full-time
891,114,Female,Sales,,Finance,70327,2,-2.0 days,Medium,10,nan years,Yes,Full-time
892,118,Other,Master's,,IT,70327,4,2.0 days,Medium,1,nan years,Cat,Contract
893,130,Male,Bachelor's,,HR,70327,,0.0 days,111,9,nan years,Cat,Full-time
894,267,Male,Master's,,23,70327,5,4.0 days,Low,9,nan years,Cat,Part-time
895,161,Female,PhD,,23,70327,1,0.0 days,Low,2,nan years,No,Part-time
896,321,Female,Master's,,Sales,70327,5,3.0 days,Medium,2,nan years,No,Full-time
897,288,Male,PhD,,56,70327,1,nan days,Low,8,nan years,Cat,Contract
898,325,Other,Bachelor's,,56,70327,3,-2.0 days,111,3,nan years,Maybe,Part-time
899,164,Other,Bachelor's,,23,70327,3,0.0 days,Medium,10,nan years,Cat,Contract
900,71,Female,PhD,,Sales,70327,2,1.0 days,111,9,nan years,Yes,Contract
901,119,Female,PhD,,23,70327,4,3.0 days,High,1,nan years,Maybe,Full-time
902,171,Male,Sales,34,Marketing,70327,5,nan days,111,7,34.0 years,Cat,Contract
903,136,Male,Bachelor's,1,56,70327,4,1.0 days,High,9,1.0 years,Cat,Full-time
904,204,Male,Bachelor's,40,Sales,70327,3,4.0 days,111,7,40.0 years,Yes,Full-time
905,111,Female,Bachelor's,32,Sales,70327,5,4.0 days,Medium,6,32.0 years,Yes,Contract
906,174,Female,Bachelor's,36,56,70327,,4.0 days,111,1,36.0 years,Yes,Contract
907,27,Female,High School,15,Marketing,70327,2,1.0 days,High,9,15.0 years,Maybe,Contract
908,382,Female,Master's,9,Marketing,70327,4,2.0 days,High,7,9.0 years,Yes,Contract
909,293,Female,Sales,18,23,70327,1,2.0 days,Low,4,18.0 years,Maybe,Full-time
910,84,Female,Other,27,Marketing,70327,1,nan days,Medium,8,27.0 years,No,Full-time
911,160,Female,High School,0,23,70327,5,1.0 days,111,7,0.0 years,Maybe,Contract
912,43,Male,Bachelor's,39,HR,70327,1,2.0 days,Low,6,39.0 years,Maybe,Contract
913,47,Female,Master's,22,Finance,70327,1,1.0 days,111,10,22.0 years,Maybe,Full-time
914,303,Male,Bachelor's,15,Finance,70327,3,0.0 days,111,10,15.0 years,No,Part-time
915,169,Female,Bachelor's,36,Finance,70327,2,2.0 days,Low,2,36.0 years,Cat,Part-time
916,377,Male,High School,26,23,70327,1,1.0 days,111,7,26.0 years,Yes,Contract
917,84,Male,Bachelor's,11,56,70327,1,4.0 days,Medium,3,11.0 years,Maybe,Contract
918,346,Male,Master's,5,Sales,70327,4,3.0 days,High,5,5.0 years,Yes,Part-time
919,271,Other,Master's,33,Sales,70327,5,nan days,Low,8,33.0 years,Yes,Full-time
920,72,Female,Master's,23,IT,70327,3,3.0 days,Low,4,23.0 years,Yes,Full-time
921,26,Other,Bachelor's,4,IT,70327,,2.0 days,Medium,2,4.0 years,No,Contract
922,313,Female,Master's,33,IT,70327,,3.0 days,Medium,5,33.0 years,Maybe,Contract
923,165,Female,Master's,34,HR,70327,5,-2.0 days,111,10,34.0 years,Cat,Full-time
924,260,Male,PhD,32,56,70327,4,-2.0 days,111,9,32.0 years,Maybe,Full-time
925,265,Female,Bachelor's,32,56,70327,4,3.0 days,Low,7,32.0 years,Yes,Contract
926,245,Female,Bachelor's,35,23,70327,,4.0 days,High,5,35.0 years,Cat,Part-time
927,194,Male,Master's,1,IT,70327,4,nan days,Medium,4,1.0 years,Maybe,Contract
928,114,Female,Bachelor's,24,Marketing,70327,1,nan days,111,1,24.0 years,Cat,Part-time
929,46,Male,High School,30,23,70327,,1.0 days,High,1,30.0 years,Maybe,Part-time
930,149,Other,Master's,2,IT,70327,5,3.0 days,111,10,2.0 years,Yes,Part-time
931,264,Male,High School,40,Marketing,70327,5,4.0 days,111,9,40.0 years,Maybe,Part-time
932,78,Female,High School,24,23,70327,5,3.0 days,Medium,2,24.0 years,Yes,Full-time
933,53,Male,Bachelor's,23,Sales,70327,2,3.0 days,Medium,9,23.0 years,Cat,Contract
934,225,Female,Bachelor's,16,HR,70327,3,1.0 days,High,1,16.0 years,Cat,Full-time
935,271,Other,Master's,1,Finance,70327,1,1.0 days,High,7,1.0 years,No,Full-time
936,57,Male,Bachelor's,22,56,70327,3,4.0 days,Medium,4,22.0 years,Maybe,Contract
937,315,Other,Bachelor's,4,Finance,70327,1,-2.0 days,Low,6,4.0 years,Maybe,Part-time
938,342,Female,Master's,22,56,70327,5,2.0 days,High,7,22.0 years,Maybe,Full-time
939,371,Male,Master's,15,Marketing,70327,2,-2.0 days,111,6,15.0 years,Cat,Full-time
940,47,Male,Bachelor's,40,IT,70327,2,1.0 days,Low,2,40.0 years,Cat,Contract
941,97,Male,Other,6,Finance,70327,5,1.0 days,111,3,6.0 years,Cat,Contract
942,96,Female,Master's,37,Marketing,70327,3,4.0 days,Low,7,37.0 years,Cat,Part-time
943,308,Male,Other,21,Finance,70327,4,1.0 days,111,10,21.0 years,Maybe,Part-time
944,175,Female,Sales,8,Marketing,70327,5,nan days,Medium,5,8.0 years,Cat,Part-time
945,63,Male,Master's,2,23,70327,,1.0 days,Medium,5,2.0 years,No,Part-time
946,147,Male,Bachelor's,22,Sales,70327,,1.0 days,111,9,22.0 years,No,Full-time
947,80,Male,Master's,34,56,70327,,4.0 days,111,7,34.0 years,No,Part-time
948,305,Male,Other,21,HR,70327,,4.0 days,High,10,21.0 years,Maybe,Part-time
949,233,Other,PhD,11,Marketing,70327,1,4.0 days,Medium,6,11.0 years,Cat,Full-time
950,330,Other,High School,29,56,70327,3,1.0 days,High,10,29.0 years,Maybe,Full-time
951,325,Other,Bachelor's,30,23,70327,,0.0 days,Medium,5,30.0 years,No,Part-time
952,336,Female,Master's,40,Finance,70327,4,0.0 days,Medium,7,40.0 years,Maybe,Full-time
953,135,Female,Sales,11,Finance,70327,,3.0 days,Medium,4,11.0 years,No,Part-time
954,287,Male,Bachelor's,8,56,70327,2,nan days,111,7,8.0 years,Yes,Full-time
955,214,Female,Master's,4,Finance,70327,1,0.0 days,111,9,4.0 years,No,Part-time
956,250,Other,Other,29,HR,70327,2,-2.0 days,111,9,29.0 years,Cat,Contract
957,246,Female,Bachelor's,2,IT,70327,1,nan days,Medium,8,2.0 years,Maybe,Contract
958,172,Other,Bachelor's,18,Marketing,70327,4,nan days,111,3,18.0 years,Maybe,Contract
959,321,Other,High School,12,23,70327,1,nan days,High,6,12.0 years,No,Part-time
960,239,Female,Sales,2,56,70327,4,nan days,Low,9,2.0 years,Cat,Contract
961,176,Male,Master's,12,Sales,70327,5,3.0 days,Low,9,12.0 years,Yes,Part-time
962,311,Male,Master's,2,Finance,70327,5,2.0 days,Low,8,2.0 years,Maybe,Part-time
963,337,Male,PhD,20,Finance,70327,1,4.0 days,Low,5,20.0 years,Maybe,Contract
964,50,Female,Master's,19,56,70327,3,1.0 days,Low,5,19.0 years,No,Part-time
965,332,Male,Master's,32,Marketing,70327,,4.0 days,High,10,32.0 years,Yes,Full-time
966,70,Other,PhD,25,23,70327,,0.0 days,High,6,25.0 years,No,Full-time
967,126,Male,Master's,34,IT,70327,,4.0 days,111,7,34.0 years,Yes,Part-time
968,340,Female,Bachelor's,30,HR,70327,,-2.0 days,Medium,3,30.0 years,Cat,Part-time
969,128,Other,Master's,16,HR,70327,2,4.0 days,111,2,16.0 years,Yes,Contract
970,155,Other,Master's,2,56,70327,1,2.0 days,High,4,2.0 years,Yes,Contract
971,358,Other,Bachelor's,12,HR,70327,1,1.0 days,High,8,12.0 years,No,Part-time
972,61,Other,High School,18,IT,70327,,1.0 days,High,3,18.0 years,Cat,Part-time
973,100,Other,Other,22,HR,70327,2,2.0 days,111,2,22.0 years,Yes,Part-time
974,142,Female,Bachelor's,3,Marketing,70327,,2.0 days,111,4,3.0 years,Cat,Part-time
975,108,Female,Sales,21,Marketing,70327,1,2.0 days,Low,9,21.0 years,Yes,Part-time
976,302,Male,Other,17,23,70327,2,4.0 days,Medium,7,17.0 years,Cat,Part-time
977,58,Male,Bachelor's,7,Finance,70327,4,-2.0 days,High,6,7.0 years,No,Contract
978,100,Female,Bachelor's,23,23,70327,3,3.0 days,Low,9,23.0 years,Yes,Part-time
979,21,Female,Other,27,IT,70327,5,4.0 days,Low,10,27.0 years,Yes,Part-time
980,229,Male,Bachelor's,25,23,70327,5,3.0 days,111,1,25.0 years,No,Part-time
981,250,Other,Bachelor's,28,IT,70327,,nan days,111,3,28.0 years,Cat,Full-time
982,372,Other,Master's,24,HR,70327,3,0.0 days,High,7,24.0 years,No,Part-time
983,324,Male,Bachelor's,21,23,70327,2,1.0 days,111,1,21.0 years,Maybe,Part-time
984,260,Female,High School,11,23,70327,3,4.0 days,111,2,11.0 years,Yes,Full-time
985,169,Male,Other,31,Marketing,70327,2,4.0 days,Medium,3,31.0 years,Cat,Part-time
986,36,Other,Bachelor's,31,23,70327,,0.0 days,Low,8,31.0 years,No,Full-time
987,138,Female,Master's,23,56,70327,3,4.0 days,Low,10,23.0 years,Yes,Contract
988,167,Male,Sales,33,Finance,70327,,3.0 days,Medium,7,33.0 years,Cat,Full-time
989,381,Male,Bachelor's,17,Sales,70327,1,4.0 days,111,2,17.0 years,No,Full-time
990,164,Female,Master's,5,Marketing,70327,1,nan days,High,2,5.0 years,Yes,Full-time
991,379,Male,High School,27,56,70327,3,2.0 days,Medium,5,27.0 years,Cat,Full-time
992,252,Female,Master's,5,IT,70327,4,4.0 days,111,4,5.0 years,Yes,Part-time
993,56,Other,Master's,27,23,70327,3,1.0 days,Medium,6,27.0 years,Cat,Part-time
994,371,Other,Bachelor's,38,Finance,70327,5,3.0 days,Medium,2,38.0 years,Maybe,Full-time
995,139,Male,Bachelor's,11,23,70327,1,1.0 days,High,10,11.0 years,Yes,Part-time
996,155,Female,Master's,34,IT,70327,3,nan days,Low,1,34.0 years,Yes,Part-time
997,340,Other,Bachelor's,18,23,70327,,0.0 days,111,7,18.0 years,Maybe,Contract
998,321,Male,Master's,20,56,70327,5,nan days,Low,7,20.0 years,Cat,Part-time
999,358,Other,Master's,6,Finance,70327,,4.0 days,High,10,6.0 years,Maybe,Part-time
1000,121,Female,Master's,5,HR,70327,1,3.0 days,High,9,5.0 years,Maybe,Contract
